    0:    0,    1,   10,   11
    1:    2,    0,   12,   10
    2:    1,    2,   11,   12
    3:    2,    0,   13,   14
    4:    3,    4,    4,    4
    5:    5,    6,   15,   16
    6:    7,    8,   17,   18
    7:    9,    7,   19,   17
    8:    8,    9,   18,   19
    9:   20,   21,   28,   29
   10:   22,   20,   30,   28
   11:   21,   22,   29,   30
   12:   23,   24,   31,    4
   13:   25,   26,   32,   33
   14:    4,   27,   34,   35
   15:    1,    2,   36,   37
   16:    0,    1,   14,   36
   17:    2,    0,   37,   14
   18:   38,   39,   18,   19
   19:   40,    4,   44,    4
   20:   41,   20,   45,   28
   21:   23,   24,   46,   47
   22:   42,   43,   48,   48
   23:   24,   42,   48,   48
   24:   43,   24,   48,   48
   25:    3,    4,   55,    4
   26:    9,   49,   19,   56
   27:   50,   51,   57,   51
   28:   52,   53,   52,   52
   29:   52,   52,   52,   52
   30:   52,   52,   52,   58
   31:   54,   54,   54,   54
   32:   52,   53,   52,   58
   33:   23,   24,   46,    4
   34:   25,   26,   66,   33
   35:    4,   27,    4,   67
   36:    1,    2,   36,   68
   37:    0,   59,   10,   69
   38:    4,   51,   70,   71
   39:   60,   61,   72,   73
   40:   62,   52,   74,   64
   41:   52,   52,   64,   64
   42:   63,   64,   75,   76
   43:   64,   65,    4,   71
   44:   49,   77,   56,   91
   45:   78,   79,   92,   93
   46:   50,   80,   57,   94
   47:   81,   82,   86,   95
   48:   42,   83,    4,   45
   49:   84,    4,   31,    4
   50:   85,   86,   94,   86
   51:   87,    4,   95,    4
   52:   88,   89,   96,   17
   53:   90,   39,   18,   19
   54:    3,   47,   55,   51
   55:   48,   48,   52,   52
   56:   48,   97,   52,  102
   57:   98,   99,  103,  104
   58:  100,    4,  105,    4
   59:    4,    5,    4,   15
   60:   50,    4,   57,    4
   61:   95,    4,  106,    4
   62:  101,    1,  107,   36
   63:    2,    0,   68,   10
   64:    3,    4,   69,   70
   65:   94,   86,   94,   86
   66:    4,   51,    4,   71
   67:   52,   52,   65,   52
   68:   52,   53,   52,  108
   69:  105,    4,  109,   48
   70:    4,   47,   48,  110
   71:   48,  100,   52,  105
   72:   95,   25,   95,   32
   73:   26,   42,   33,   76
   74:   83,   20,   45,   28
   75:   21,   84,   29,   31
   76:   47,   48,   51,  113
   77:  111,   65,  109,  111
   78:   52,   52,   64,   65
   79:   52,  112,   52,   52
   80:   97,   98,  102,  103
   81:   99,  100,  104,  105
   82:   38,    9,   18,   19
   83:   49,   50,   56,   57
   84:   51,  114,   51,  115
   85:   52,  109,   52,   52
   86:  100,   25,  105,   32
   87:   26,   51,   33,   51
   88:   63,   75,  105,   34
   89:  101,    1,   35,   11
   90:   21,   84,   29,   46
   91:   51,   60,   71,   72
   92:   61,   62,   73,   74
   93:  105,   25,   75,   32
   94:   26,   51,   33,   71
   95:   62,   52,  116,   64
   96:   64,   64,    4,    4
   97:   75,   41,   76,   45
   98:   47,  110,  110,   52
   99:    4,   94,    4,   94
  100:   86,   87,   86,   95
  101:   34,   35,   41,   20
  102:   69,   70,   21,   84
  103:  117,   38,   17,   18
  104:   50,   71,   57,    4
  105:   65,   52,   71,   65
  106:    4,   85,    4,   94
  107:   86,   95,   86,   95
  108:   45,   28,    5,   78
  109:   29,   31,   79,   50
  110:   95,    4,   95,    4
  111:    0,    3,   10,   69
  112:    4,   47,   70,   51
  113:   48,  111,   52,  109
  114:   64,   64,   48,   48
  115:   15,   92,    4,    4
  116:   93,   57,   76,    4
  117:   84,  110,  118,   52
  118:   49,   50,   56,  122
  119:   47,   97,  110,  102
  120:   99,  100,  104,  109
  121:    4,    4,   48,  100
  122:    7,  119,   17,   18
  123:    8,  120,   18,   19
  124:  121,   52,  123,   52
  125:   59,   51,  125,   51
  126:   52,  105,   52,  105
  127:  124,   52,  126,  127
  128:   80,   81,   94,  128
  129:   82,    4,   95,  129
  130:    6,    7,   16,   17
  131:    1,    2,   11,   13
  132:    0,    1,  130,  131
  133:    3,    4,  132,   48
  134:   94,   86,   97,   98
  135:   95,    4,   99,   48
  136:    4,    4,   48,   48
  137:  101,    1,  133,  131
  138:   42,   43,   48,  100
  139:   24,   42,    4,    4
  140:   21,   23,   29,  118
  141:  134,  135,   52,   52
  142:  136,  134,   52,   52
  143:  102,  103,   52,   52
  144:  104,   52,   52,   52
  145:   52,  135,   52,   52
  146:   83,   20,  137,   28
  147:  119,    9,   18,   19
  148:  138,  139,  148,  149
  149:  114,   52,  115,   52
  150:  140,  141,  150,  151
  151:   52,  142,   52,  152
  152:  143,   52,  153,   52
  153:  142,  143,  152,  153
  154:  144,  145,  154,  155
  155:  146,  147,  156,  157
  156:  145,  146,  155,  156
  157:  147,  145,  157,  155
  158:   62,  105,  116,  162
  159:   52,   52,   52,   53
  160:   52,   52,   52,  158
  161:   52,   52,  159,  159
  162:  158,  159,  163,  164
  163:  159,  160,  165,  166
  164:  161,   52,  167,   52
  165:   52,   52,   52,  113
  166:  106,   41,   95,   45
  167:   21,  168,   29,   46
  168:   65,   52,   51,   52
  169:   53,   52,   52,   53
  170:   53,   52,   52,   52
  171:   52,  169,   52,  173
  172:  170,  171,  165,  166
  173:  164,  172,  167,   52
  174:   52,   52,   54,  174
  175:  113,   53,  175,  126
  176:   95,    5,   95,   15
  177:   51,   52,  110,   52
  178:   52,   52,   53,   52
  179:   52,   52,  140,  141
  180:  113,   53,   52,   52
  181:  113,   52,   52,  174
  182:   52,   52,  175,  126
  183:   52,   52,  177,  175
  184:   63,   64,   69,  178
  185:   64,   64,   35,   69
  186:   64,  176,   70,   45
  187:   95,    4,  106,   25
  188:   27,    1,   26,   36
  189:   59,   51,   55,   51
  190:  113,   52,   53,   52
  191:  150,  151,   52,   52
  192:   52,   63,   63,   75
  193:   64,  176,    4,   45
  194:   84,    5,   31,   15
  195:   95,   32,   95,    4
  196:   33,   42,    4,   47
  197:    4,   51,   48,  110
  198:  179,  180,  183,  184
  199:   52,  140,   52,  150
  200:  141,   52,  151,   52
  201:  181,  182,  185,   17
  202:  117,  119,   17,   18
  203:   78,   79,  186,  187
  204:   50,   88,   57,   96
  205:   89,   38,   17,   18
  206:   99,   48,  104,   52
  207:   48,  110,  140,  141
  208:  188,  189,  191,  192
  209:  190,    1,  175,   11
  210:   59,  129,  125,   47
  211:   32,   33,   48,  100
  212:  129,   27,   34,   35
  213:   52,   52,   52,  140
  214:  150,  151,  141,   54
  215:   52,   52,   52,   63
  216:  193,  194,  116,   72
  217:   61,   62,   73,  116
  218:   63,  176,   75,   45
  219:   47,  110,  110,  114
  220:   52,  105,  108,  105
  221:  113,  150,   52,   54
  222:  151,   52,   54,   52
  223:   95,   94,   95,   94
  224:  108,  115,   52,   52
  225:   64,   65,   48,  110
  226:  129,  129,    4,   34
  227:   27,    1,   35,   11
  228:   59,    4,  125,   47
  229:   32,   33,   48,   48
  230:   52,   53,   52,  174
  231:   63,   75,  175,   69
  232:    4,   27,  178,   35
  233:   52,   63,  175,   69
  234:   64,   75,   70,    4
  235:   86,   95,   86,  106
  236:    4,   41,    4,   45
  237:   64,  176,  129,   45
  238:   52,  176,   52,  137
  239:   84,  100,  118,  109
  240:   95,   94,   99,   97
  241:   86,   95,   98,   99
  242:    4,    5,  100,   15
  243:  105,   88,  105,   96
  244:   89,  119,   17,   18
  245:   52,  144,   52,  154
  246:  139,   52,  149,   52
  247:  104,  102,   52,   52
  248:  103,  104,   52,   52
  249:  109,   48,   52,   52
  250:   48,  110,   52,   52
  251:   52,   53,   53,   52
  252:   52,   63,   52,  105
  253:   75,  101,   34,   35
  254:   38,  120,   18,   19
  255:  195,  196,  203,  196
  256:  197,  198,  197,  198
  257:  199,  200,  198,  199
  258:  201,  201,  204,  204
  259:  202,  200,  200,  202
  260:    2,    0,   13,  130
  261:  205,  196,  206,  196
  262:  198,  198,  198,  198
  263:   23,  134,  118,   52
  264:  206,  207,  212,  202
  265:  208,  209,  200,  201
  266:  209,  209,  201,  201
  267:  209,  210,  201,  208
  268:  198,  198,  210,  198
  269:  199,  211,  198,  213
  270:   78,   79,  155,  156
  271:  214,  215,  157,  222
  272:    9,  216,   19,  148
  273:  217,  218,  149,  218
  274:  219,  200,  218,  219
  275:  202,  220,  200,  201
  276:  221,  221,  223,  224
  277:  220,  220,  201,  201
  278:  220,  200,  201,  202
  279:  208,  210,  200,  208
  280:  198,  213,  210,  213
  281:   52,  190,   52,  231
  282:    1,    2,  131,   68
  283:    1,    2,  131,   37
  284:    0,  124,  130,  232
  285:  218,  218,  218,  218
  286:  225,  226,  218,  218
  287:  219,  227,   52,   52
  288:  228,  229,   52,   52
  289:  227,  227,   54,   54
  290:  227,  227,   52,   52
  291:  227,  200,   52,  219
  292:  202,  230,  211,  196
  293:  197,  213,  197,  213
  294:   52,   52,  127,   52
  295:  135,   83,   52,  137
  296:  135,  136,  218,   52
  297:  134,   52,   52,   52
  298:   54,  233,   54,  237
  299:  234,  234,  238,  238
  300:  235,  236,  239,  240
  301:   52,   52,   54,   52
  302:  206,  196,  206,  196
  303:  168,   52,  118,   52
  304:   52,  241,   52,  154
  305:  215,    7,  222,   17
  306:   90,  120,   18,   19
  307:  218,  242,  218,  242
  308:   54,  237,   54,  237
  309:  238,  238,  238,  238
  310:  239,  240,  239,  240
  311:   54,   52,   54,   52
  312:  121,   52,  123,   54
  313:  190,    1,  231,  131
  314:    2,    0,   37,  130
  315:  124,   52,  232,   52
  316:  218,  218,  248,  218
  317:   54,  243,   54,  249
  318:  244,  245,  250,  251
  319:  246,  244,  252,  253
  320:  247,  240,  254,  255
  321:   52,   52,   52,  256
  322:   52,  174,   52,  176
  323:  175,  126,   20,   21
  324:  127,   52,  168,   52
  325:  218,  242,  218,  264
  326:  257,  258,   52,   52
  327:  259,   52,   52,   52
  328:  256,  260,  260,  261
  329:  261,  262,  262,  263
  330:  263,  213,  265,  213
  331:   52,   54,   52,   52
  332:   54,   54,   54,   52
  333:   52,  137,   52,  241
  334:   28,   29,   78,   79
  335:  118,   52,  217,   52
  336:   52,  266,   52,   52
  337:  267,  267,   52,   52
  338:   52,  260,   52,  206
  339:  261,  262,  196,  197
  340:  263,  265,  265,  268
  341:  268,  261,  261,  262
  342:  121,  174,  123,  176
  343:   52,  154,   52,   52
  344:  155,  156,   52,   52
  345:  149,   52,  269,  218
  346:  218,  218,  218,  270
  347:  256,  206,  260,  261
  348:  196,  197,  262,  263
  349:  268,  261,  213,  196
  350:  262,  263,  197,  198
  351:  124,  137,  232,  241
  352:   52,  269,   52,  248
  353:  174,  175,  176,   20
  354:  126,  127,   21,  168
  355:  263,  198,  198,  265
  356:  213,  213,  213,  213
  357:  149,   52,   52,   52
  358:  218,   52,   52,   52
  359:  137,   28,  241,   78
  360:   29,  118,   79,  217
  361:  265,  268,  268,  261
  362:  263,  198,  198,  198
  363:  121,  225,  123,  225
  364:  225,  142,  225,  152
  365:   52,   54,   54,   52
  366:  154,  155,   54,   52
  367:  156,  149,   54,   52
  368:   52,  206,   54,  206
  369:  196,  197,  196,  197
  370:  218,  271,  218,  218
  371:  213,  196,  213,  196
  372:   21,  168,   29,  118
  373:  248,  270,   52,   52
  374:   52,  269,  218,  218
  375:   52,  206,   52,  206
  376:  272,  272,  272,  272
  377:  272,  272,  272,  273
  378:  273,  274,  278,  279
  379:  275,  276,  279,  280
  380:  272,  273,  275,  278
  381:  275,  275,  279,  279
  382:  274,  274,  279,  280
  383:  274,  276,  274,  278
  384:  273,  274,  279,  279
  385:  275,  275,  274,  274
  386:  276,  272,  274,  276
  387:  277,  274,  281,  282
  388:  274,  274,  274,  274
  389:  276,  272,  274,  283
  390:  272,  273,  273,  290
  391:  275,  278,  291,  292
  392:  284,  285,  293,   52
  393:  285,  286,   52,  294
  394:  279,  284,  285,  293
  395:  285,  285,   52,   52
  396:  280,  274,  295,  296
  397:  274,  274,  297,  274
  398:  283,  272,  283,  272
  399:  272,  287,  272,  272
  400:  282,  274,  287,  298
  401:  288,  289,  299,  272
  402:  282,  300,  307,  300
  403:  301,  292,  301,  292
  404:   52,   52,   52,  303
  405:   52,  302,   52,   52
  406:  302,  303,  303,  308
  407:   52,   52,  302,  308
  408:   52,  302,  303,   52
  409:   52,  304,   52,  309
  410:  295,  305,  310,  310
  411:  306,  274,  311,  311
  412:  276,  272,  311,  312
  413:  272,  272,  312,  312
  414:  274,  300,  274,  300
  415:  301,  292,  319,  320
  416:  313,   52,  321,  313
  417:  308,   52,   52,   52
  418:  314,  315,  322,  323
  419:  316,  316,  324,  325
  420:  317,  317,  326,  327
  421:  317,  318,  327,  328
  422:  318,  318,  328,  328
  423:  282,  329,  333,  282
  424:  330,  200,  329,  330
  425:  320,  321,  200,  320
  426:  313,   52,  321,  334
  427:   52,   52,  334,  334
  428:   52,  331,  334,  335
  429:  295,  305,  336,  337
  430:  306,  332,  306,  274
  431:  299,  272,  276,  272
  432:  333,  307,  332,  282
  433:  274,  329,  274,  274
  434:  320,  338,  200,  201
  435:  338,  338,  201,  201
  436:  338,  336,  201,  339
  437:  339,  340,  340,  341
  438:  341,  274,  274,  288
  439:  272,  272,  275,  275
  440:  272,  273,  275,  274
  441:  297,  332,  296,  297
  442:  298,  298,  276,  272
  443:  282,  329,  287,  282
  444:  330,  342,  329,  343
  445:  342,  342,  343,  343
  446:  342,  340,  343,  341
  447:  341,  274,  274,  274
  448:  288,  299,  332,  273
  449:  273,  274,  274,  278
  450:  278,  279,  284,  285
  451:  279,  279,  285,  285
  452:  344,  296,  344,  344
  453:  297,  276,  296,  297
  454:  272,  287,  276,  272
  455:  345,  282,  287,  346
  456:  288,  298,  299,  272
  457:  298,  298,  272,  272
  458:  282,  274,  273,  274
  459:  274,  278,  278,  284
  460:  293,   52,   52,   52
  461:  344,  344,  347,  347
  462:  344,  296,  347,  305
  463:  297,  276,  306,  274
  464:  290,  291,  300,  301
  465:  292,  293,  292,  313
  466:   52,   52,   52,  348
  467:   52,   52,  349,  350
  468:   52,   52,  350,  351
  469:   52,   52,  352,   52
  470:  347,  347,  347,  347
  471:  347,  347,  347,  362
  472:  279,  207,  285,  219
  473:  353,  321,  200,  353
  474:  313,   52,  363,  364
  475:   52,   52,  365,   52
  476:  348,  354,  354,  355
  477:  355,  356,  366,  367
  478:  357,  358,  368,  369
  479:  359,  360,  358,  370
  480:   52,   52,  371,  371
  481:  361,  354,  372,  262
  482:  373,  347,  376,  373
  483:  347,  362,  347,  362
  484:  219,  200,   52,  219
  485:  201,  201,  227,  227
  486:  374,  365,  200,  374
  487:  206,  375,  206,  375
  488:  367,  172,  377,   52
  489:  173,  368,   52,  169
  490:  369,  357,  198,  198
  491:  357,  357,  198,  198
  492:  357,  263,  198,  198
  493:  339,  376,  376,  339
  494:  373,  362,  376,  383
  495:  334,  313,  338,  363
  496:   52,   52,  384,  385
  497:  331,  313,  386,  321
  498:   52,   52,  313,   52
  499:  219,  211,   52,  206
  500:  196,  378,  207,  208
  501:  379,  380,  210,  379
  502:  158,  381,  381,  382
  503:  382,  209,  387,  201
  504:  201,  201,  220,  220
  505:  388,  389,  388,  389
  506:  201,  353,  220,  200
  507:  321,  313,  353,  321
  508:   52,  212,   52,  219
  509:  209,  387,  201,  339
  510:  339,  220,  376,  201
  511:  201,  202,  220,  200
  512:  200,  353,  202,  200
  513:  220,  376,  201,  339
  514:  339,  227,  390,   52
  515:  200,  202,  202,  200
  516:  227,  390,   52,   52
  517:  321,  334,  353,  338
  518:  313,  331,  363,  386
  519:  334,  334,  338,  338
  520:   52,   52,  364,  364
  521:  331,  334,  386,  338
  522:  274,  274,  279,  279
  523:  391,  392,  391,  392
  524:  393,  394,  403,  404
  525:  395,  396,  405,  406
  526:  397,  397,  407,  407
  527:  397,  398,  407,  408
  528:  395,  399,  405,  409
  529:  400,  401,  410,  401
  530:  402,  274,  402,  279
  531:  274,  288,  280,  332
  532:  345,  298,  299,  272
  533:  282,  274,  287,  282
  534:  272,  272,  272,  277
  535:  273,  274,  290,  291
  536:  278,  284,  292,  293
  537:  285,  285,  158,  159
  538:  411,  412,  416,  417
  539:  413,  414,  418,  419
  540:  412,  412,  417,  417
  541:  412,  413,  417,  418
  542:  414,  412,  419,  417
  543:  415,  401,  420,  401
  544:  402,  285,  402,  380
  545:  286,  280,  294,  286
  546:  276,  272,  280,  275
  547:  345,  282,  287,  307
  548:  272,  273,  312,  311
  549:  300,  301,  311,  310
  550:  292,  304,  310,  309
  551:  169,  421,  169,  421
  552:  391,  422,  391,  393
  553:  423,  424,  394,  395
  554:  425,  426,  396,  397
  555:  427,  427,  397,  397
  556:  427,  428,  397,  397
  557:  429,  424,  398,  395
  558:  430,  431,  399,  400
  559:  402,  377,  402,  377
  560:   52,  294,   52,   52
  561:  286,  279,  294,  285
  562:  280,  275,  286,  280
  563:  275,  274,  274,  274
  564:  318,  317,  328,  433
  565:  317,  316,  434,  435
  566:  316,  304,  436,  309
  567:  391,  403,  391,  411
  568:  404,  405,  437,  438
  569:  406,  407,  439,  412
  570:  407,  432,  440,  441
  571:  407,  407,  442,  412
  572:  408,  405,  437,  438
  573:  409,  410,  439,  443
  574:  294,  286,   52,  294
  575:  277,  274,  273,  274
  576:  300,  301,  300,  451
  577:  292,   52,  284,   52
  578:  169,  421,  173,  452
  579:  391,  416,  453,  454
  580:  444,  445,  455,  456
  581:  446,  417,  457,  458
  582:  447,  448,  459,  460
  583:  449,  417,  461,  462
  584:  444,  445,  463,  464
  585:  446,  420,  465,  466
  586:  402,  377,  467,  377
  587:  256,  450,  260,  468
  588:  450,  450,  469,  469
  589:  274,  274,  274,  278
  590:  278,  284,  284,  293
  591:   52,  169,   52,  169
  592:  470,  471,  477,  478
  593:  472,  397,  479,  480
  594:  471,  472,  478,  479
  595:  473,  460,  481,  460
  596:  474,  471,  482,  478
  597:  472,  475,  479,  483
  598:  476,  377,  484,  377
  599:  158,  163,  173,  452
  600:  198,  198,  164,  165
  601:  198,  198,  165,  165
  602:  198,  164,  165,  172
  603:  165,  165,   52,   52
  604:  165,  172,  331,  334
  605:  198,  198,  485,  486
  606:   52,  173,   52,   52
  607:  172,   52,   52,  487
  608:  487,  364,  491,  201
  609:  364,  364,  201,  201
  610:  386,  488,  201,  492
  611:  196,  489,  207,  202
  612:  490,  262,  213,  197
  613:  487,  491,  493,  494
  614:  227,  227,  495,  496
  615:  227,  227,  159,  160
  616:  227,  227,  161,   52
  617:  213,  197,  213,  197
  618:  262,  357,  263,  503
  619:  497,  498,  504,  505
  620:  359,  352,  498,  359
  621:   53,   52,   52,  487
  622:  493,  362,  491,  506
  623:   52,   52,   52,  507
  624:  495,  499,  163,  164
  625:  500,  164,  508,  167
  626:  165,  452,   52,  509
  627:  501,  502,  510,  452
  628:  161,   52,  511,  512
  629:  202,  211,  211,  196
  630:  503,  172,  377,   52
  631:  173,  504,   52,  169
  632:  513,  362,  513,  362
  633:  487,  491,  491,  339
  634:  339,  390,  390,   52
  635:   52,  514,  507,  381
  636:  164,  172,  519,   52
  637:   52,  515,   52,  520
  638:  516,  517,  521,  522
  639:  452,  518,  523,  379
  640:   52,   52,  512,   52
  641:  219,  211,  256,  206
  642:  196,  196,  196,  196
  643:  501,  380,  210,  501
  644:  158,  500,  500,  382
  645:  524,  347,  387,  373
  646:  494,  390,  362,   52
  647:  525,  164,  169,  377
  648:  526,  527,   52,   52
  649:   52,   52,  530,   52
  650:   52,  527,   52,   52
  651:  528,  452,   52,  169
  652:  529,   52,  377,   52
  653:   52,  256,  256,  260
  654:  260,  261,  261,  261
  655:  261,  261,  261,  261
  656:  261,  197,  262,  263
  657:  506,   52,  390,   52
  658:  531,  511,  528,  368
  659:  512,  314,  518,  322
  660:  315,   52,  323,   52
  661:  507,  163,  514,  533
  662:  532,   52,  526,   52
  663:  260,  261,  206,  196
  664:  261,  261,  196,  196
  665:   52,  523,   52,  528
  666:  511,  380,  452,  511
  667:   52,   52,  502,  161
  668:  527,   52,   52,  495
  669:   52,  158,  499,  163
  670:  163,  519,  164,  526
  671:  196,  197,  489,  208
  672:  210,  198,  209,  209
  673:   52,  331,  331,  335
  674:  334,  313,  338,  321
  675:  509,  510,  313,   52
  676:  534,  511,  509,  535
  677:  159,  163,  165,  166
  678:  503,  508,  167,   52
  679:  167,   52,   52,   52
  680:  196,  489,  489,  202
  681:   52,  331,  364,  386
  682:  335,  336,  336,  339
  683:  321,  313,  353,  363
  684:  206,  489,  207,  202
  685:  276,  272,  274,  275
  686:  272,  272,  276,  272
  687:  287,  282,  272,  287
  688:  274,  288,  298,  299
  689:  289,  272,  272,  272
  690:  272,  273,  277,  274
  691:  275,  276,  274,  274
  692:  274,  276,  274,  274
  693:  272,  272,  277,  275
  694:  273,  274,  274,  274
  695:  274,  274,  288,  345
  696:  288,  272,  299,  272
  697:  281,  282,  272,  287
  698:  274,  274,  298,  298
  699:  274,  274,  282,  274
  700:  274,  274,  288,  282
  701:  274,  283,  274,  283
  702:  332,  299,  274,  275
  703:  272,  272,  273,  276
  704:  287,  298,  272,  272
  705:  299,  287,  272,  272
  706:  298,  345,  272,  287
  707:  279,  280,  285,  286
  708:  274,  274,  280,  274
  709:  274,  275,  274,  274
  710:  272,  272,  275,  276
  711:  298,  282,  272,  287
  712:  274,  274,  298,  282
  713:  274,  283,  288,  289
  714:  272,  272,  273,  275
  715:  272,  272,  276,  273
  716:  450,  450,  469,  537
  717:  536,  294,  538,  536
  718:  280,  274,  286,  280
  719:  283,  272,  276,  272
  720:  299,  273,  273,  274
  721:  357,  358,  198,  369
  722:  344,  538,  358,  344
  723:  536,   52,  538,   52
  724:   52,   52,  539,   52
  725:  294,  295,  304,  295
  726:  296,  297,  305,  306
  727:  274,  283,  274,  276
  728:  272,  277,  272,  273
  729:  292,  293,  292,  304
  730:   52,   52,  539,  539
  731:  198,  198,  541,  542
  732:  540,  347,  540,  347
  733:  362,   52,  362,   52
  734:   52,   52,  113,   52
  735:  309,  310,  304,  316
  736:  310,  311,  316,  317
  737:  311,  311,  317,  317
  738:  312,  312,  318,  318
  739:  312,  311,  318,  317
  740:  311,  310,  317,  316
  741:  310,  309,  316,  304
  742:   52,  539,   52,  539
  743:  358,  543,  540,  544
  744:  362,   52,  362,   53
  745:  539,   52,   52,   52
  746:  309,  324,  331,  295
  747:  325,  326,  305,  306
  748:  327,  327,  332,  299
  749:  328,  328,  272,  272
  750:  328,  433,  273,  274
  751:  434,  435,  300,  301
  752:  436,  309,  292,   52
  753:  539,  539,   52,   52
  754:  540,  544,  540,  544
  755:  362,   52,  362,  334
  756:  331,  334,  335,  338
  757:  337,  306,  340,  341
  758:  300,  301,  300,  319
  759:  292,  313,  320,  321
  760:  348,  349,  354,  262
  761:  347,  545,  347,  387
  762:  336,  201,  339,  342
  763:  201,  201,  342,  342
  764:  274,  274,  274,  288
  765:  274,  283,  345,  289
  766:  281,  282,  272,  281
  767:  329,  330,  282,  329
  768:  200,  320,  330,  200
  769:  321,  334,  320,  488
  770:  206,  197,  213,  197
  771:  347,  546,  347,  547
  772:  340,  343,  306,  274
  773:  343,  343,  274,  274
  774:  274,  332,  274,  288
  775:  299,  272,  289,  272
  776:  333,  282,  287,  333
  777:  200,  492,  330,  200
  778:  347,  547,  347,  547
  779:  306,  274,  306,  274
  780:  274,  288,  288,  299
  781:  298,  299,  272,  272
  782:  333,  282,  287,  307
  783:  329,  330,  274,  300
  784:  288,  345,  332,  299
  785:  299,  272,  272,  272
  786:  273,  275,  274,  274
  787:  540,  544,  198,  198
  788:  369,  358,  198,  198
  789:  344,  344,  198,  198
  790:  296,  297,  198,  198
  791:  274,  274,  198,  198
  792:  274,  276,  198,  198
  793:  272,  272,  198,  198
  794:  272,  287,  198,  198
  795:  299,  272,  198,  198
  796:  272,  281,  198,  198
  797:  282,  274,  198,  198
  798:  274,  300,  198,  198
  799:  213,  197,  198,  198
  800:  198,  198,  209,  209
  801:  198,  198,  209,  210
  802:  274,  274,  345,  298
  803:  275,  274,  278,  279
  804:  275,  274,  279,  279
  805:  275,  274,  279,  280
  806:  273,  276,  274,  274
  807:  288,  333,  332,  299
  808:  299,  272,  273,  275
  809:  272,  273,  275,  290
  810:  274,  278,  291,  292
  811:  285,  285,  314,  315
  812:  274,  275,  297,  274
  813:  275,  274,  274,  278
  814:  274,  276,  280,  274
  815:  282,  274,  333,  282
  816:  274,  300,  282,  300
  817:  322,  323,   52,   52
  818:  295,  305,  295,  305
  819:  306,  290,  306,  300
  820:  291,  292,  301,  292
  821:  274,  275,  280,  274
  822:  287,  548,  275,  274
  823:  345,  345,  332,  299
  824:  346,  333,  272,  287
  825:  307,  300,  282,  329
  826:  319,  320,  330,  200
  827:  321,  334,  320,  338
  828:  306,  300,  306,  300
  829:  301,  292,  451,  284
  830:  276,  281,  274,  283
  831:  333,  282,  287,  548
  832:  200,  201,  330,  342
  833:  341,  278,  278,  284
  834:  284,  293,  293,  256
  835:  450,  536,  469,  538
  836:   52,   52,  450,  450
  837:  280,  275,  286,  279
  838:  332,  282,  280,  332
  839:  329,  343,  345,  345
  840:  343,  343,  298,  282
  841:  284,  293,  293,   52
  842:  358,  549,  369,  357
  843:  469,  469,  357,  357
  844:  302,   52,   52,   52
  845:  294,  285,   52,   52
  846:  332,  299,  280,  276
  847:  292,  293,  292,   52
  848:   52,  206,   52,  212
  849:  207,  208,  202,  200
  850:  210,  198,  208,  209
  851:  276,  273,  279,  279
  852:  300,  451,  279,  284
  853:  284,   52,  293,   52
  854:   52,  219,   52,   52
  855:  200,  202,  219,  200
  856:  220,  221,  201,  223
  857:  221,  220,  224,  201
  858:  200,  201,  202,  220
  859:  350,  350,  357,  357
  860:  350,  351,  357,  358
  861:  352,   52,  359,   52
  862:  285,  293,   52,   52
  863:  550,  551,  552,  553
  864:  227,  228,   52,   52
  865:  229,  227,   52,   52
  866:  200,  201,  219,  220
  867:  198,  540,  198,  540
  868:  334,  554,  338,  555
  869:  198,  540,  382,  387
  870:  544,  545,  383,  387
  871:  336,  201,  339,  220
  872:  201,  201,  220,  221
  873:  201,  201,  221,  220
  874:  198,  382,  382,  387
  875:  387,  339,  339,  376
  876:  376,  339,  339,  376
  877:  376,  201,  339,  220
  878:  201,  223,  220,  228
  879:  224,  201,  229,  227
  880:  201,  223,  227,  228
  881:  292,  313,  556,  363
  882:  554,  201,  555,  220
  883:  201,  292,  220,  556
  884:  540,  339,  540,  376
  885:  557,  558,  220,  560
  886:  558,  558,  560,  560
  887:  559,  201,  220,  220
  888:  201,  557,  220,  220
  889:  224,  201,  229,  220
  890:  492,  561,  200,  353
  891:  201,  201,  221,  221
  892:  274,  288,  274,  332
  893:  345,  346,  299,  272
  894:  299,  272,  272,  273
  895:  287,  345,  272,  287
  896:  282,  274,  307,  274
  897:  274,  276,  279,  280
  898:  283,  272,  289,  272
  899:  293,   52,   52,  303
  900:   52,   52,  303,   52
  901:  275,  276,  280,  297
  902:   52,   52,  536,   52
  903:   52,   52,  302,   52
  904:   52,   52,  350,  350
  905:   52,  308,  352,   52
  906:  295,  296,  295,  305
  907:  297,  283,  306,  276
  908:  469,  537,  357,  358
  909:  538,  536,  344,  538
  910:  348,  354,  354,  562
  911:  562,  563,  565,   52
  912:  563,  563,  539,   52
  913:  563,  564,   52,  566
  914:  359,  352,  564,  359
  915:   52,   52,  352,  303
  916:  198,  540,  209,  387
  917:  347,  362,  373,  362
  918:   52,  354,   52,  206
  919:  562,  565,  567,   52
  920:  566,  564,   52,  493
  921:  359,   52,  362,   52
  922:  335,  336,  295,  494
  923:  341,  274,  288,  345
  924:  201,  339,  220,  376
  925:  376,  506,  339,  390
  926:   52,   52,   52,  308
  927:  303,  206,   52,  206
  928:  567,   52,  567,   52
  929:   52,  493,   52,  493
  930:  362,   52,  362,  302
  931:   52,   52,  308,   52
  932:  295,  305,  286,  568
  933:  306,  288,  306,  332
  934:  333,  299,  299,  272
  935:  201,  339,  220,  390
  936:  390,   52,   52,   52
  937:  567,  539,  374,  365
  938:   52,  539,   52,   52
  939:   52,  493,  487,  491
  940:  362,   52,  506,   52
  941:  275,  276,  297,  274
  942:  201,  492,  342,  200
  943:  561,  313,  353,  321
  944:  308,  219,   52,   52
  945:  200,  374,  219,  200
  946:  365,   52,  374,  364
  947:   52,  487,  364,  491
  948:  491,  339,  339,  390
  949:   52,   52,   52,  569
  950:  569,   52,   52,   52
  951:  294,  295,  331,  295
  952:  343,  330,  274,  329
  953:  321,  313,  320,  321
  954:  200,  201,  219,  227
  955:  201,  339,  227,  390
  956:  570,  292,  301,  292
  957:  303,   52,   52,   52
  958:  571,  572,  573,  574
  959:   52,  331,  303,  335
  960:  282,  274,  287,  345
  961:  274,  300,  282,  329
  962:  334,  334,  575,  575
  963:  302,  295,   52,  295
  964:  494,  340,  305,  306
  965:  272,  287,  272,  277
  966:  307,  274,  274,  274
  967:  329,  330,  274,  329
  968:  200,  353,  330,  200
  969:  575,  575,  201,  201
  970:  575,  336,  201,  339
  971:  331,  295,  335,  336
  972:  305,  306,  337,  306
  973:  332,  299,  274,  283
  974:  272,  281,  272,  272
  975:  343,  343,  288,  298
  976:  320,  575,  200,  201
  977:  336,  339,  339,  340
  978:  340,  341,  341,  274
  979:  345,  345,  287,  299
  980:  345,  282,  307,  332
  981:  288,  345,  548,  299
  982:  340,  341,  341,  288
  983:   23,   24,   31,   76
  984:   47,  110,   71,   65
  985:  113,   52,   52,   52
  986:   63,   75,   75,    4
  987:   40,   51,   44,   51
  988:  137,   28,  144,  145
  989:    3,   51,   55,   51
  990:   51,   52,   51,   52
  991:  154,  155,   52,   52
  992:  110,   52,   52,   52
  993:   52,  112,  140,  141
  994:  100,   42,  112,   48
  995:   43,   24,   48,  100
  996:   23,  134,   46,   64
  997:   52,   60,   64,   72
  998:   52,  113,   52,   52
  999:  100,    5,  105,   15
 1000:   40,   94,   44,   94
 1001:    3,   71,   69,  178
 1002:  129,   51,    4,   71
 1003:   62,   60,  116,   72
 1004:  105,   76,   75,   34
 1005:    3,   94,    4,   94
 1006:   23,    4,   46,    4
 1007:   76,   94,    4,   94
 1008:    7,   38,   17,   18
 1009:   50,   25,   57,   32
 1010:   26,  129,   33,   47
 1011:    4,   85,  100,   94
 1012:   50,   47,   57,   51
 1013:   48,   97,   54,  102
 1014:    0,   59,   14,  125
 1015:  129,    4,   47,   48
 1016:  102,  103,  108,  113
 1017:  104,  102,  577,   52
 1018:  103,  104,   58,  576
 1019:  105,   94,  105,   94
 1020:    4,   76,    4,   34
 1021:    4,    4,   35,   69
 1022:   76,   51,  178,   35
 1023:   52,   52,  126,  127
 1024:  108,  576,  577,   58
 1025:   21,   23,   29,   46
 1026:   24,   47,    4,   51
 1027:   54,   52,   52,   52
 1028:   52,  174,   63,  176
 1029:  127,   63,   23,   75
 1030:   75,   94,    4,   94
 1031:    4,   51,    4,   51
 1032:   75,   45,    4,    5
 1033:   46,    4,   50,    4
 1034:   77,    6,   91,   16
 1035:    7,   90,   17,   18
 1036:  120,  182,   19,   17
 1037:   59,    4,   69,   70
 1038:  112,  100,   52,  112
 1039:    4,   15,   48,   48
 1040:   92,   93,   48,   48
 1041:   57,   47,   48,  110
 1042:  100,   76,  109,   48
 1043:   32,   33,  100,    4
 1044:    4,  101,    4,  107
 1045:   21,   84,   29,  118
 1046:   53,   54,   64,   64
 1047:    4,    4,  100,    4
 1048:   63,   75,  105,    4
 1049:   39,   40,   19,   44
 1050:  124,  113,  126,  127
 1051:   52,   58,  174,  175
 1052:   75,   76,   35,   69
 1053:  101,    1,   70,   36
 1054:   71,   65,  178,   35
 1055:   54,  108,  126,  127
 1056:  108,   63,  174,  175
 1057:   75,  101,   69,   70
 1058:  176,   20,  137,   28
 1059:   84,   42,   31,  129
 1060:   52,   54,   52,   54
 1061:   52,  105,   64,   75
 1062:   29,  118,  146,  139
 1063:   52,   52,  174,  175
 1064:   54,   54,  140,  141
 1065:  156,  149,   52,   52
 1066:  578,  579,  580,  581
 1067:   63,   64,   75,  129
 1068:  141,   52,  151,   53
 1069:  146,  139,  156,  149
 1070:  582,  583,   53,  113
 1071:    4,   42,    4,    4
 1072:  158,  380,  169,  377
 1073:   52,   52,   52,  181
 1074:   52,   52,  182,   38
 1075:   52,   52,  120,  121
 1076:    4,    4,    4,    4
 1077:    5,   78,   15,   92
 1078:   79,   77,   93,   91
 1079:   45,   28,    5,    6
 1080:   29,   31,    7,   90
 1081:   71,   64,   39,   40
 1082:   64,   65,   47,  110
 1083:  169,  377,  173,  172
 1084:   52,  185,   52,  190
 1085:   17,   18,    1,    2
 1086:   19,  123,    0,  124
 1087:   52,  158,   52,  173
 1088:  380,  109,  172,   52
 1089:   15,   16,    4,   27
 1090:   19,   44,    0,    3
 1091:   51,  158,   51,  173
 1092:  380,   52,  172,   63
 1093:  174,  175,   41,   20
 1094:   11,   12,   21,   22
 1095:   10,  126,   20,   21
 1096:  177,  175,   22,   20
 1097:  126,  177,   21,   22
 1098:  100,   42,  112,  100
 1099:  100,   67,  112,  100
 1100:   36,   37,  584,  585
 1101:   14,  125,  586,    4
 1102:   29,   30,    7,    8
 1103:   28,   29,    9,   49
 1104:   30,   28,   77,   78
 1105:   29,   30,   79,   77
 1106:   46,   65,   50,   51
 1107:  587,  588,    4,    4
 1108:  589,    4,    4,    4
 1109:   71,   65,   47,  110
 1110:   19,   56,    0,   59
 1111:   91,   92,   76,   47
 1112:   93,   91,   48,   48
 1113:  122,  110,  110,   52
 1114:   52,   52,   52,  174
 1115:   52,  105,  175,   69
 1116:    4,    4,  590,   47
 1117:   58,  112,   52,   52
 1118:  100,   67,  105,    4
 1119:   36,   37,   42,   43
 1120:   14,  125,   24,   47
 1121:   52,   52,   63,   64
 1122:   52,   52,   52,  114
 1123:   48,  110,   52,  113
 1124:  120,  121,   19,  123
 1125:  591,    7,  222,   17
 1126:   58,  115,   58,   52
 1127:  150,  151,   54,   54
 1128:   63,   64,   75,    4
 1129:   64,   75,    4,   76
 1130:  134,   52,   54,   52
 1131:   40,   51,   44,   71
 1132:   39,  117,   19,   17
 1133:    3,  129,   69,  178
 1134:   71,   64,   35,   69
 1135:   64,   64,  178,   35
 1136:   64,   75,   69,  178
 1137:    0,  124,   10,  126
 1138:   52,   52,  127,  174
 1139:  168,  176,  118,  137
 1140:  201,  201,  592,  593
 1141:  546,  376,  347,  546
 1142:  594,  595,  228,  229
 1143:  201,  202,  227,  200
 1144:  223,  224,  228,  229
 1145:   52,   52,   52,  257
 1146:  200,  292,  202,  556
 1147:  201,  201,  220,  227
 1148:  200,  557,  202,  220
 1149:  373,  347,  339,  373
 1150:  373,  545,  339,  387
 1151:  363,  364,  201,  201
 1152:  364,  365,  201,  374
 1153:   52,   52,  487,  364
 1154:  220,  592,  201,  594
 1155:  593,  220,  595,  201
 1156:  374,  365,  230,  567
 1157:   52,  487,  487,  491
 1158:  491,  201,  339,  227
 1159:  376,  339,  546,  376
 1160:  376,  339,  339,  390
 1161:  227,  227,   52,   53
 1162:  196,  567,  196,  567
 1163:  596,  494,  295,  362
 1164:  347,  494,  347,  362
 1165:   52,   52,  314,  315
 1166:   52,   52,   52,  331
 1167:  295,  362,  295,  347
 1168:  334,  334,  545,  338
 1169:  206,  196,  206,  207
 1170:  207,  374,  202,  200
 1171:  322,  323,  364,  364
 1172:  331,  335,  386,  336
 1173:  336,  383,  339,  376
 1174:  387,  201,  339,  220
 1175:  212,  202,  219,  200
 1176:  376,  201,  339,  227
 1177:   52,   52,  334,  313
 1178:  390,   52,  158,  159
 1179:   52,  219,  159,  380
 1180:  376,  383,  339,  599
 1181:  545,  338,  387,  201
 1182:  338,  321,  201,  353
 1183:  200,  201,  219,  600
 1184:  597,  598,  601,  602
 1185:  201,  339,  603,  390
 1186:  390,  158,   52,  509
 1187:  163,  164,  510,  172
 1188:  452,  511,  173,  508
 1189:  380,   52,  167,  331
 1190:  599,  387,  387,  604
 1191:  604,  605,  611,  612
 1192:  605,  605,  612,  612
 1193:  605,  606,  612,  613
 1194:  353,  321,  606,  353
 1195:   52,  607,   52,  614
 1196:  608,  609,  165,  165
 1197:  610,   52,  615,  334
 1198:  331,  335,  335,  336
 1199:  604,  611,  611,  616
 1200:  616,  617,  617,  617
 1201:  618,  619,  621,  623
 1202:  620,  621,  624,  624
 1203:  617,  622,  617,  617
 1204:  613,  606,  622,  613
 1205:  201,  201,  605,  605
 1206:  335,  338,  336,  201
 1207:  336,  604,  604,  611
 1208:  625,  626,  228,  229
 1209:   52,   52,   52,  487
 1210:   52,   52,  627,   52
 1211:  487,  628,  491,  630
 1212:  629,   52,   52,   52
 1213:  339,  631,  390,   52
 1214:  487,  627,  628,  629
 1215:   52,   52,  527,   52
 1216:  630,   52,  631,   52
 1217:   52,  527,  527,   52
 1218:   52,   52,   52,  527
 1219:  331,  313,  335,  363
 1220:  527,  569,   52,  527
 1221:  527,   52,   52,   52
 1222:   52,   52,  364,  365
 1223:  201,  374,  227,  200
 1224:  365,   52,  374,  365
 1225:  364,  491,  201,  339
 1226:  364,  386,  201,  201
 1227:  227,  220,  331,  554
 1228:  220,  220,  201,  605
 1229:  335,  336,  336,  604
 1230:  201,  353,  605,  606
 1231:  605,  612,  612,  616
 1232:  621,  632,  633,  634
 1233:  632,  620,  635,  632
 1234:  606,  353,  613,  606
 1235:  612,  613,  632,  622
 1236:  606,  201,  613,  605
 1237:  632,  632,  620,  632
 1238:  636,  637,  639,  612
 1239:  638,  632,  640,  632
 1240:  547,  641,  547,  641
 1241:  632,  632,  632,  632
 1242:  633,  634,  636,  637
 1243:  635,  632,  638,  632
 1244:  642,  643,  642,  643
 1245:  196,  196,  196,  644
 1246:  644,  202,  202,  200
 1247:  547,  645,  547,  645
 1248:  639,  612,  632,  632
 1249:  640,  632,  632,  632
 1250:  642,  643,  642,  644
 1251:  540,  347,  387,  383
 1252:  632,  632,  619,  632
 1253:  632,  632,  646,  647
 1254:  622,  613,  648,  649
 1255:  606,  202,  613,  606
 1256:  383,  347,  376,  383
 1257:  632,  650,  652,  643
 1258:  262,  357,  197,  198
 1259:  358,  651,  540,  547
 1260:  622,  613,  641,  622
 1261:  547,  653,  544,  656
 1262:  654,  632,  498,  657
 1263:  632,  623,  632,  632
 1264:  652,  644,  649,  613
 1265:  208,  209,  606,  201
 1266:  387,  655,  604,  611
 1267:  641,  632,  640,  632
 1268:  622,  613,  618,  622
 1269:  606,  201,  613,  220
 1270:  383,  285,  390,   52
 1271:  286,  498,  294,  295
 1272:  657,  632,  547,  645
 1273:  632,  649,  632,  632
 1274:  613,  605,  649,  612
 1275:  611,  640,  640,  632
 1276:  632,  632,  632,  619
 1277:  632,  658,  632,  643
 1278:  355,  284,  292,  293
 1279:  219,  227,   52,  302
 1280:  304,  295,  309,  310
 1281:  547,  645,  310,  659
 1282:  618,  632,  310,  659
 1283:  632,  632,  659,  310
 1284:  632,  632,  660,  661
 1285:  632,  632,  661,  661
 1286:  632,  643,  662,  310
 1287:  292,  304,  659,  309
 1288:   52,   52,  242,   52
 1289:   52,  663,   52,  663
 1290:  663,  664,  663,  663
 1291:  664,  663,  663,  668
 1292:  665,  666,  665,  666
 1293:  666,  666,  666,  666
 1294:  667,  663,  667,  668
 1295:  664,   52,  663,   52
 1296:  264,   52,   52,   52
 1297:   52,  669,   52,  266
 1298:  304,  316,  309,  324
 1299:  316,  316,  325,  674
 1300:  316,  316,  674,  674
 1301:  316,  670,  674,  674
 1302:  671,  672,  675,  632
 1303:  672,  672,  632,  632
 1304:  673,  670,  632,  435
 1305:  303,   52,   52,  331
 1306:   52,  295,  331,  295
 1307:  632,  619,  632,  632
 1308:  632,  633,  632,  636
 1309:  634,  635,  637,  638
 1310:  632,  643,  632,  644
 1311:  292,  313,  353,  321
 1312:  655,  645,  611,  676
 1313:  632,  639,  632,  632
 1314:  612,  640,  632,  632
 1315:  632,  613,  632,  649
 1316:  336,  201,  604,  605
 1317:  604,  611,  611,  640
 1318:  676,  632,  632,  632
 1319:  632,  632,  632,  646
 1320:  632,  632,  648,  632
 1321:  620,  632,  632,  632
 1322:  649,  613,  632,  649
 1323:  611,  612,  640,  632
 1324:  612,  612,  632,  632
 1325:  640,  632,  646,  647
 1326:  632,  619,  648,  632
 1327:  650,  262,  643,  197
 1328:  358,  677,  369,  357
 1329:  678,  262,  357,  263
 1330:  632,  632,  641,  620
 1331:  632,  632,  632,  633
 1332:  632,  639,  634,  635
 1333:  632,  618,  632,  632
 1334:  632,  650,  650,  562
 1335:  564,  651,  493,  547
 1336:  632,  632,  641,  632
 1337:  644,  208,  613,  606
 1338:  632,  636,  632,  639
 1339:  637,  638,  612,  640
 1340:  632,  632,  633,  634
 1341:  632,  632,  635,  632
 1342:  632,  632,  621,  632
 1343:  632,  652,  632,  652
 1344:  643,  567,  644,  374
 1345:  491,  655,  604,  611
 1346:  619,  632,  632,  632
 1347:  649,  613,  632,  632
 1348:  611,  632,  640,  632
 1349:  632,  632,  634,  635
 1350:  613,  606,  649,  613
 1351:  201,  604,  605,  611
 1352:  558,  558,  560,  679
 1353:  558,  559,  679,  220
 1354:   52,   52,  331,  334
 1355:  680,  387,  336,  339
 1356:  201,  223,  227,  681
 1357:  224,  201,  682,  204
 1358:  223,  224,  681,  682
 1359:  201,  201,  204,  227
 1360:  227,  390,  569,   52
 1361:   52,  331,   52,  335
 1362:  514,  198,  173,  165
 1363:  172,   52,   52,   52
 1364:  219,  570,   52,  206
 1365:  683,  362,  493,  362
 1366:   52,  684,   52,  685
 1367:  365,  569,  686,  365
 1368:   52,  295,   52,  683
 1369:  684,  365,  685,  686
 1370:  687,  374,  688,  200
 1371:  450,  450,  468,  469
 1372:  450,  260,  469,  689
 1373:   52,  687,   52,  688
 1374:  374,  364,  200,  201
 1375:   52,   52,  684,  365
 1376:   52,  331,  487,  386
 1377:  685,  686,   52,  687
 1378:  353,  488,  200,  492
 1379:   52,  688,   52,   52
 1380:  196,  196,  196,  207
 1381:  197,  198,  208,  209
 1382:  390,   52,   52,   53
 1383:  207,  202,  202,  200
 1384:  606,  353,  613,  690
 1385:  321,   52,  292,   52
 1386:   52,   52,  313,  113
 1387:  632,  632,  621,  691
 1388:  632,  621,  692,  692
 1389:  642,  643,  678,  355
 1390:  201,  201,  227,  220
 1391:  612,  640,  632,  658
 1392:  658,  355,  355,  284
 1393:  656,  656,  285,  285
 1394:  656,  284,  285,  293
 1395:   52,  295,   52,  295
 1396:  693,  611,  547,  641
 1397:  612,  612,  619,  632
 1398:  612,  613,  632,  649
 1399:   52,   53,  334,  334
 1400:   52,   52,   53,  331
 1401:  331,  680,  335,  336
 1402:   52,  569,   52,   52
 1403:  547,  645,  655,  645
 1404:  632,  621,  632,  646
 1405:  632,  632,  647,  648
 1406:  642,  643,  619,  613
 1407:  334,  335,  338,  336
 1408:  611,  676,  618,  652
 1409:  651,  632,  358,  651
 1410:  611,  616,  616,  633
 1411:  611,  616,  616,  632
 1412:  643,  197,  643,  208
 1413:  540,  547,  387,  655
 1414:  641,  632,  641,  633
 1415:  347,  347,  373,  347
 1416:  347,  694,  347,  701
 1417:  695,  696,  702,  696
 1418:  696,  696,  696,  696
 1419:  695,  697,  703,  704
 1420:  199,  599,  198,  382
 1421:  540,  347,  387,  373
 1422:  347,  305,  347,  305
 1423:  698,  699,  698,  705
 1424:  700,  700,  706,  706
 1425:  700,  301,  707,  301
 1426:  376,  373,  339,  376
 1427:  694,  695,  701,  714
 1428:  708,  695,  715,  716
 1429:  697,  196,  704,  207
 1430:  373,  305,  376,  337
 1431:  709,  710,  709,  710
 1432:  711,  712,  712,  713
 1433:  713,  206,  256,  206
 1434:  305,  709,  337,  709
 1435:  717,  718,  717,  724
 1436:  719,  202,  725,  200
 1437:  339,  720,  720,  721
 1438:  721,  722,  722,  711
 1439:  723,  256,  723,  260
 1440:  261,  261,  261,  262
 1441:  262,  263,  263,  198
 1442:  376,  339,  339,  720
 1443:  720,  721,  721,  717
 1444:  726,  717,  722,  727
 1445:  724,  725,  728,  724
 1446:  200,  202,  725,  200
 1447:  721,  710,  729,  722
 1448:  711,  711,  711,  711
 1449:  723,  206,  723,  206
 1450:  210,  198,  208,  210
 1451:  347,  546,  347,  305
 1452:  720,  721,  709,  710
 1453:  729,  722,  730,  711
 1454:  727,  717,  711,  727
 1455:  724,  725,  717,  724
 1456:  342,  720,  732,  721
 1457:  721,  722,  722,  712
 1458:  730,  712,  731,  713
 1459:  731,  731,   52,   52
 1460:  713,  206,  348,  206
 1461:  200,  208,  202,  200
 1462:  709,  710,  709,  717
 1463:  711,  733,  735,  711
 1464:  727,  729,  733,  712
 1465:  729,  722,  731,  731
 1466:  712,  713,  713,   52
 1467:  348,  349,  354,  736
 1468:  350,  350,  737,  737
 1469:  372,  734,  738,  739
 1470:  196,  196,  213,  207
 1471:  709,  740,  709,  710
 1472:  722,  711,  733,  711
 1473:  711,  711,  711,  730
 1474:  712,  713,  745,  746
 1475:  527,   52,  747,   53
 1476:  206,  741,  206,  741
 1477:  742,  742,  748,  749
 1478:  743,  744,  742,  742
 1479:  489,  202,  750,  200
 1480:  200,  202,  202,  570
 1481:  709,  717,  709,  717
 1482:  735,  730,  717,  758
 1483:  751,  735,  717,  717
 1484:  711,  733,  758,  758
 1485:  711,  711,  758,  758
 1486:  745,  752,  735,  745
 1487:   52,   52,  752,   52
 1488:  212,  753,  219,  200
 1489:  754,  755,  388,  389
 1490:  756,  757,  201,  753
 1491:  742,  750,  757,  742
 1492:  200,  202,  750,  200
 1493:  570,  196,  196,  196
 1494:  344,  344,  344,  344
 1495:  759,  760,  344,  759
 1496:  740,  717,  760,  717
 1497:  717,  761,  717,  717
 1498:  761,  761,  717,  717
 1499:  726,  717,  762,  763
 1500:  717,  735,  717,  722
 1501:  745,  752,  711,  723
 1502:  388,  389,   52,   52
 1503:  753,  757,  570,  764
 1504:  742,  750,  742,  742
 1505:  200,  202,  750,  570
 1506:  196,  207,  207,  202
 1507:  759,  760,  305,  709
 1508:  717,  726,  717,  717
 1509:  717,  717,  717,  717
 1510:  717,  717,  717,  767
 1511:  710,  712,  768,  769
 1512:  731,  713,  350,  350
 1513:   52,   52,  351,  360
 1514:   52,  348,  361,  354
 1515:  206,  765,  355,  770
 1516:  742,  742,  748,  742
 1517:  742,  766,  742,  766
 1518:  196,  207,  196,  771
 1519:  305,  709,  305,  776
 1520:  740,  717,  777,  778
 1521:  717,  717,  779,  767
 1522:  767,  772,  772,  355
 1523:  355,  773,  770,  775
 1524:  737,  737,  742,  742
 1525:  774,  370,  780,  737
 1526:  371,  371,  737,  737
 1527:  372,  355,  738,  770
 1528:  770,  775,  775,  742
 1529:  748,  742,  742,  749
 1530:  305,  781,  347,  786
 1531:  782,  783,  787,  787
 1532:  784,  785,  787,  788
 1533:  301,  765,  196,  765
 1534:  775,  742,  742,  742
 1535:  742,  742,  742,  742
 1536:  743,  775,  742,  742
 1537:  742,  742,  789,  757
 1538:  695,  695,  714,  797
 1539:  695,  697,  716,  704
 1540:  196,  765,  207,  353
 1541:  790,  742,  798,  790
 1542:  742,  791,  742,  799
 1543:  792,  793,  262,  358
 1544:  794,  742,  800,  794
 1545:  748,  742,  742,  742
 1546:  795,  796,  742,  801
 1547:  757,  742,  753,  757
 1548:  347,  305,  373,  305
 1549:  709,  717,  709,  740
 1550:  718,  719,  724,  725
 1551:  353,  798,  200,  353
 1552:  802,  766,  488,  213
 1553:  197,  369,  197,  171
 1554:  358,  800,  369,  358
 1555:  742,  803,  748,  742
 1556:  200,  753,  750,  200
 1557:  757,  766,  753,  766
 1558:  196,  197,  207,  208
 1559:  376,  337,  339,  720
 1560:  709,  717,  721,  804
 1561:  717,  724,  805,  806
 1562:  725,  200,  724,  725
 1563:  492,  489,  200,  202
 1564:  198,  369,  210,  198
 1565:  794,  742,  800,  742
 1566:  570,  489,  766,  771
 1567:  208,  210,  230,  197
 1568:  720,  721,  721,  767
 1569:  767,  768,  772,  562
 1570:  807,  808,  563,  564
 1571:  760,  724,  759,  760
 1572:  809,  742,  809,  742
 1573:  766,  810,  766,  567
 1574:    2,  811,  813,  814
 1575:  812,    2,  815,  816
 1576:   23,  817,  118,  525
 1577:  818,   83,  377,  137
 1578:  217,  169,  149,  169
 1579:  377,  241,  377,  154
 1580:   52,  173,  127,   52
 1581:  172,   52,   52,  174
 1582:   54,   52,   52,  113
 1583:  217,   52,  149,   52
 1584:  241,  215,  154,  222
 1585:   53,  241,   52,  154
 1586:   52,  190,  174,  175
 1587:  241,   78,  154,  155
 1588:   79,  217,  156,  149
 1589:   52,   52,  819,  820
 1590:   52,   52,  821,   52
 1591:  135,  136,   52,   52
 1592:  134,  820,   52,   52
 1593:  822,   54,   52,   52
 1594:  823,  539,   52,   53
 1595:  539,  135,  113,   52
 1596:  216,  217,  148,  149
 1597:   54,   52,   52,   54
 1598:   52,   52,   52,   54
 1599:   52,   52,  126,  177
 1600:   23,  134,  118,  824
 1601:   52,   52,  824,  242
 1602:  257,   52,   52,   52
 1603:   52,   52,  669,  267
 1604:  135,   83,  267,  137
 1605:  820,  571,   52,  573
 1606:  572,  820,  574,   52
 1607:  121,  242,  123,  242
 1608:  669,  181,  669,  185
 1609:  182,  119,   17,   18
 1610:  124,  264,  126,  127
 1611:  266,  190,  174,  175
 1612:  207,  201,  202,  220
 1613:  347,  825,  347,  832
 1614:  826,  827,  826,  827
 1615:  828,  828,  833,  834
 1616:  829,  829,  835,  836
 1617:  830,  831,  830,  831
 1618:  373,  837,  844,  362
 1619:  826,  838,  845,  846
 1620:  839,  840,  847,  848
 1621:  841,  842,  849,  850
 1622:  843,  831,  851,  852
 1623:  853,  362,  493,  362
 1624:  854,  855,  862,  863
 1625:  856,  857,  864,  865
 1626:  858,  859,  866,  864
 1627:  860,  861,  867,  868
 1628:  493,  362,  493,  362
 1629:  217,   52,  149,  869
 1630:   52,   52,  870,  871
 1631:   52,  169,  872,  169
 1632:  377,   52,  377,  869
 1633:   52,  241,  872,  154
 1634:  214,   78,  157,  155
 1635:   52,   52,  877,  878
 1636:   52,  873,   52,  879
 1637:  874,  875,  880,  881
 1638:  876,  169,  882,  169
 1639:  377,  873,  377,  879
 1640:  876,   52,  882,   52
 1641:   54,   52,  883,   52
 1642:   53,   52,   52,  226
 1643:   52,  550,   52,  552
 1644:  551,   52,  553,   52
 1645:  884,  885,   52,   52
 1646:   52,  886,   52,  154
 1647:  887,  888,  155,  156
 1648:  889,  169,  149,  169
 1649:  377,  886,  377,  154
 1650:  889,   52,  149,   52
 1651:   52,   52,  226,   52
 1652:  218,  225,  225,  225
 1653:   54,   52,  890,   52
 1654:   52,  173,  890,  891
 1655:  172,   52,  892,  890
 1656:   52,   52,  893,  894
 1657:  895,  883,  527,   52
 1658:  883,  883,   54,   54
 1659:  883,  883,   52,   54
 1660:  895,  896,   54,  158
 1661:  897,  895,  380,   54
 1662:  883,  883,   54,   52
 1663:  895,  893,  527,  894
 1664:  894,  894,  894,  894
 1665:  527,   52,  527,   52
 1666:   54,  169,   54,  169
 1667:  377,   54,  377,   54
 1668:  527,  894,  527,  894
 1669:   52,   54,   53,   52
 1670:  527,  894,  527,  899
 1671:  894,  898,   52,   52
 1672:  883,   52,  883,  883
 1673:   52,   52,  883,  883
 1674:  890,  169,  895,  169
 1675:  377,  890,  377,  895
 1676:  883,  894,  883,  894
 1677:  899,   52,  894,   52
 1678:   52,   52,  380,   52
 1679:   52,  158,  158,  163
 1680:  380,   52,  511,  160
 1681:   52,   52,  161,   52
 1682:  377,   52,  377,   52
 1683:  380,   52,  511,  380
 1684:  900,  894,   52,   52
 1685:  898,   52,   52,   52
 1686:  159,  163,  165,  165
 1687:  511,  159,  165,  165
 1688:  159,  159,  452,  171
 1689:  159,  159,  421,  421
 1690:  159,  159,  421,  171
 1691:  159,  159,  421,  164
 1692:  163,  421,  165,  166
 1693:  421,  421,  535,  165
 1694:  163,  421,  452,  421
 1695:  421,  511,  421,  421
 1696:  159,  159,  165,  165
 1697:  173,  165,  334,  334
 1698:  165,  165,  334,  334
 1699:  165,  172,  334,  334
 1700:  342,  342,  732,  732
 1701:    9,  195,   19,  203
 1702:  198,  198,  198,  171
 1703:  198,  198,  198,  901
 1704:  825,    7,  832,   17
 1705:    0,  205,  130,  206
 1706:  837,    1,  362,  131
 1707:  134,  212,   52,  219
 1708:  209,  902,  201,  223
 1709:  902,  209,  224,  201
 1710:  387,  373,  339,  376
 1711:  362,  135,  506,   52
 1712:   79,  214,  156,  157
 1713:  903,  903,  753,  757
 1714:  903,  904,  742,  742
 1715:  905,  903,  742,  742
 1716:  844,  494,  906,  362
 1717:   52,  527,   52,  527
 1718:   52,  113,  113,   53
 1719:   52,   52,   54,   54
 1720:  200,  753,  219,  200
 1721:  756,  756,  201,  201
 1722:  907,  506,  339,  390
 1723:   52,   52,   52,  883
 1724:  569,   54,   54,   52
 1725:   54,  569,   52,   54
 1726:   52,   52,  883,   52
 1727:  908,  909,  910,  911
 1728:   54,   54,  113,   53
 1729:   52,  569,   52,  883
 1730:  225,  225,  225,  908
 1731:  225,  225,  909,  225
 1732:  569,   52,  883,   52
 1733:   52,   52,  899,   52
 1734:   52,  883,   52,  883
 1735:  527,  527,   52,   52
 1736:  883,  883,   52,   53
 1737:  218,  218,  908,  909
 1738:   54,  883,  218,  218
 1739:  883,  883,  883,  269
 1740:   54,  883,  218,  912
 1741:  883,  883,  912,  218
 1742:  527,  883,  271,  883
 1743:  225,  910,  225,  225
 1744:  911,  225,  225,  225
 1745:  894,  899,  894,  894
 1746:   52,  883,   52,  569
 1747:  894,   52,  894,   52
 1748:  269,  218,  218,  218
 1749:  910,  911,  218,  893
 1750:  225,  218,  894,  908
 1751:  218,  894,  909,  894
 1752:   54,  248,   54,  908
 1753:  270,  912,  909,  912
 1754:  912,  218,  912,  908
 1755:  218,  883,  909,  900
 1756:  883,  569,  894,  912
 1757:  569,  883,  912,  893
 1758:  883,  894,   54,  894
 1759:  894,  883,  894,  527
 1760:  218,  218,  909,  908
 1761:  218,  894,  909,  912
 1762:  894,  910,  912,  912
 1763:  911,  912,  912,  912
 1764:  883,  910,  883,   52
 1765:  911,  912,  218,  218
 1766:  912,  910,  912,   52
 1767:  911,   52,  113,   53
 1768:   53,  912,  218,  912
 1769:  912,  894,  912,  894
 1770:  883,  898,  527,  899
 1771:  269,  910,   54,   54
 1772:  911,  910,  912,  912
 1773:   54,  218,   54,  908
 1774:  912,  269,  912,  908
 1775:  218,  908,  909,  910
 1776:  909,  912,  911,  912
 1777:  899,   52,  894,  894
 1778:   54,  890,  883,  895
 1779:  569,   54,   54,  569
 1780:  890,   54,  895,  883
 1781:   54,  908,  883,  910
 1782:  883,  910,  912,  218
 1783:  912,  910,  912,  912
 1784:  912,  912,  113,  912
 1785:   52,  158,   52,  169
 1786:  160,  161,  421,  501
 1787:  883,  912,  883,  883
 1788:  912,  912,  527,  883
 1789:  883,   52,  883,  569
 1790:  113,  113,  883,  527
 1791:  113,  890,  883,  895
 1792:  913,  891,  914,  896
 1793:  892,  913,  897,  914
 1794:  890,  912,  895,  883
 1795:  883,  894,  883,  898
 1796:  421,  421,  452,  421
 1797:  171,  421,  421,  421
 1798:  421,  421,  421,  164
 1799:  421,  511,  165,  165
 1800:  159,  159,  165,  452
 1801:  159,  159,  164,  165
 1802:   52,  173,  334,  334
 1803:  172,   52,  334,  334
 1804:   52,   52,  334,  824
 1805:   52,   52,  824,  824
 1806:  347,  305,  347,  347
 1807:  786,  787,  694,  695
 1808:  787,  787,  695,  695
 1809:  788,  301,  697,  196
 1810:  198,  382,  209,  387
 1811:  205,  207,  212,  202
 1812:  701,  714,  305,  709
 1813:  797,  716,  717,  718
 1814:  704,  207,  719,  202
 1815:  337,  709,  720,  721
 1816:  717,  724,  717,  717
 1817:  217,   52,  149,  527
 1818:  227,  220,  225,  680
 1819:  220,  376,  387,  339
 1820:  721,  717,  717,  740
 1821:  726,  717,  717,  717
 1822:  717,  724,  728,  717
 1823:  201,  339,  342,  720
 1824:  342,  200,  732,  725
 1825:  226,  295,  248,  683
 1826:  494,  720,  305,  709
 1827:  721,  717,  717,  717
 1828:  717,  717,  717,  740
 1829:  726,  717,  717,  804
 1830:  717,  717,  805,  805
 1831:  717,  724,  805,  805
 1832:  732,  721,  805,  805
 1833:  732,  732,  805,  805
 1834:  331,  313,  335,  915
 1835:   52,  493,  364,  491
 1836:  807,  807,  563,  563
 1837:  388,  389,  916,  917
 1838:  767,  772,  772,  562
 1839:  562,  565,  565,   52
 1840:   52,   53,  113,   52
 1841:   52,  893,   52,  894
 1842:  894,  899,   54,  894
 1843:  683,  494,  596,  305
 1844:  720,  732,  709,  717
 1845:  918,  919,  717,  717
 1846:  732,  721,  717,  717
 1847:  767,  772,  718,  301
 1848:   52,  113,   52,  113
 1849:   52,  900,   52,   52
 1850:  717,  726,  740,  717
 1851:  717,  740,  717,  717
 1852:  718,  301,  718,  719
 1853:  567,   52,  374,  364
 1854:  331,  313,  920,  321
 1855:  893,  894,  894,  894
 1856:  286,  498,  294,  286
 1857:  759,  760,  498,  759
 1858:  717,  717,  921,  805
 1859:  717,  717,  805,  806
 1860:  717,  728,  717,  717
 1861:  200,  201,  725,  342
 1862:  201,  353,  342,  200
 1863:  169,  377,  169,  377
 1864:  922,  807,  656,  923
 1865:  760,  717,  759,  760
 1866:  724,  732,  717,  717
 1867:  732,  725,  717,  718
 1868:  570,  292,  301,  924
 1869:  163,  511,  164,  165
 1870:  380,  294,  377,   52
 1871:   52,  566,   52,   52
 1872:  564,  759,  566,  564
 1873:  717,  717,  925,  717
 1874:  717,  718,  717,  718
 1875:  301,  567,  301,  567
 1876:  154,  155,   52,   53
 1877:  377,  174,  167,  176
 1878:  127,  169,  168,  169
 1879:  377,  174,  377,  176
 1880:   52,  566,  894,  899
 1881:  564,  759,  493,  305
 1882:  760,  717,  709,  717
 1883:  926,  717,  717,  717
 1884:  740,  718,  717,  718
 1885:  301,  927,  301,  292
 1886:   52,  137,  820,  241
 1887:  118,  169,  217,  169
 1888:  377,  137,  377,  241
 1889:  493,  305,  493,  305
 1890:  709,  717,  709,  726
 1891:  717,  718,  767,  772
 1892:  301,  292,  355,  284
 1893:   52,   52,   53,  256
 1894:  468,  469,  562,  563
 1895:  575,  321,  201,  353
 1896:  313,  154,  321,  313
 1897:  155,  156,  242,   52
 1898:  149,  169,   52,  169
 1899:  377,  154,  377,   52
 1900:  894,  894,  900,  894
 1901:  493,  305,  596,  305
 1902:  717,  767,  767,  772
 1903:  772,  355,  355,  284
 1904:   53,  260,  113,  206
 1905:  261,  562,  196,  567
 1906:  565,   52,   52,   52
 1907:  353,  321,  570,  292
 1908:  242,   52,  242,   52
 1909:  718,  301,  718,  301
 1910:  382,  387,  387,  339
 1911:  695,  695,  695,  695
 1912:  198,  717,  209,  717
 1913:  717,  198,  717,  209
 1914:  209,  717,  201,  787
 1915:  717,  209,  787,  201
 1916:  201,  787,  220,  695
 1917:  787,  201,  695,  220
 1918:  220,  695,  201,  695
 1919:  695,  220,  695,  201
 1920:  732,  732,  717,  717
 1921:  797,  797,  717,  717
 1922:  201,  695,  342,  695
 1923:  695,  201,  695,  342
 1924:  342,  695,  732,  797
 1925:  695,  342,  797,  732
 1926:  721,  717,  717,  804
 1927:  732,  797,  717,  717
 1928:  797,  732,  717,  717
 1929:  726,  717,  717,  767
 1930:  804,  805,  768,  807
 1931:  805,  805,  807,  807
 1932:  721,  717,  805,  928
 1933:  807,  807,  563,  929
 1934:  807,  807,  930,  931
 1935:  807,  807,  932,  563
 1936:  717,  717,  726,  717
 1937:  563,  563,   53,   52
 1938:  807,  933,  563,  563
 1939:  168,   53,  118,   52
 1940:  669,  493,  669,  493
 1941:  305,  709,  305,  709
 1942:   52,   52,  256,  450
 1943:   52,   53,  450,  450
 1944:  113,  113,   52,   52
 1945:  121,  241,  123,  154
 1946:  669,  934,  266,  935
 1947:  564,  759,  934,  564
 1948:  921,  805,  922,  807
 1949:  928,  772,  933,  562
 1950:  260,  468,  261,  562
 1951:  469,  469,  563,  563
 1952:   54,  936,   54,   54
 1953:  935,  934,  936,  820
 1954:  563,  563,  820,  820
 1955:  563,  563,  821,   52
 1956:  563,  565,   52,   52
 1957:   52,  113,  113,   52
 1958:   53,   52,   52,  348
 1959:  136,  134,  174,  175
 1960:   52,  135,  175,  126
 1961:  136,  134,  127,  937
 1962:   52,   52,  938,  939
 1963:   54,  869,  940,  873
 1964:  870,  871,  874,  875
 1965:  872,   54,  876,   54
 1966:  823,  821,   54,  823
 1967:   52,   52,  267,  941
 1968:  168,  942,  118,  946
 1969:  943,  944,  947,  948
 1970:  945,  879,  949,  886
 1971:  880,  881,  887,  888
 1972:  882,   54,  889,   54
 1973:   54,  669,   54,  669
 1974:  877,  878,  884,  885
 1975:   52,  206,   53,  206
 1976:  217,  950,  149,  954
 1977:  951,  952,  251,  252
 1978:  953,  154,  955,   52
 1979:  149,  257,   54,   54
 1980:   54,   54,  569,  824
 1981:   54,  669,  824,  820
 1982:   52,  206,  365,  206
 1983:   52,  956,  127,   52
 1984:  957,  958,  960,  961
 1985:  959,   52,   52,   52
 1986:   52,   52,  450,  536
 1987:  567,  206,  567,  206
 1988:   52,   53,   54,   52
 1989:  537,  538,  564,  344
 1990:  536,   52,  538,  450
 1991:   52,  256,  450,  260
 1992:  206,  196,  261,  562
 1993:  567,  206,  565,  206
 1994:  469,  537,  563,  564
 1995:   52,  241,  536,  154
 1996:   54,   54,   52,   52
 1997:  260,  261,  261,  562
 1998:  562,  565,  565,  256
 1999:   53,  113,  450,  450
 2000:  566,  564,  536,  566
 2001:  549,  469,  563,  563
 2002:  469,  689,  563,  563
 2003:  562,  565,  565,  348
 2004:  348,  206,  354,  736
 2005:  564,  344,  566,  564
 2006:  538,  450,  549,  469
 2007:  260,  261,  689,  562
 2008:  468,  537,  736,  774
 2009:   52,   52,  536,  113
 2010:  348,  354,  354,  736
 2011:  736,  962,  962,  742
 2012:   53,   53,   52,   52
 2013:  563,  563,   52,   53
 2014:  563,  563,   52,  113
 2015:  563,  565,   52,  256
 2016:  261,  736,  736,  962
 2017:  962,  780,  742,  742
 2018:  774,  344,  780,  774
 2019:  736,  962,  741,  742
 2020:   52,   52,  158,  380
 2021:  963,  964,  967,  968
 2022:  965,  966,  969,  970
 2023:  966,  966,  971,  972
 2024:  966,  966,  972,  972
 2025:  966,  966,  973,  970
 2026:  966,  966,  970,  970
 2027:   23,  134,  118,  242
 2028:  169,  511,  173,  165
 2029:  159,  380,  165,  172
 2030:  969,  974,  969,  974
 2031:  975,  976,   52,   52
 2032:  976,  976,   52,   52
 2033:  977,  969,   52,  969
 2034:  978,  974,  978,  974
 2035:   79,  214,  981,  982
 2036:   78,   79,  983,  981
 2037:  139,  264,  984,  364
 2038:  331,  334,  920,  575
 2039:   52,  969,   52,  969
 2040:  979,  980,  985,  986
 2041:  201,  201,  931,  989
 2042:  201,  201,  990,  931
 2043:  201,  201,  991,  227
 2044:  334,  334,  575,  992
 2045:  334,  313,  992,  915
 2046:  987,  988,  993,  994
 2047:  168,  995,  118,  997
 2048:  996,   52,  998,   52
 2049:   52,   52, 1000, 1001
 2050:   52,   52, 1001, 1001
 2051:   54,  969,   54,  969
 2052:  999,   52, 1002,  820
 2053: 1003, 1004, 1003, 1011
 2054: 1005, 1006, 1012,  976
 2055: 1006, 1006,  976,  976
 2056: 1006, 1007,  976, 1013
 2057:  364, 1008,  201, 1008
 2058: 1009, 1010, 1009, 1010
 2059: 1003, 1011, 1003, 1011
 2060: 1014,   52, 1002,   52
 2061:   52,   52, 1015, 1016
 2062:   52,   52, 1017, 1017
 2063:   52,   52, 1018, 1019
 2064:   52, 1014,   52, 1014
 2065:  969,  974,  969,  970
 2066:   52,   52,  966,  966
 2067:  219,  227,  966,  966
 2068:  227,  227,  966,  966
 2069:  227, 1008,  966,  966
 2070: 1009, 1010,  966,  966
 2071: 1020, 1021, 1026, 1027
 2072: 1022, 1022, 1028, 1028
 2073: 1023, 1024, 1029, 1030
 2074: 1025, 1002,  240,   54
 2075:  969,  978,  969,  978
 2076:  978,  978, 1031, 1032
 2077:  978,  978, 1032, 1032
 2078:  978,  978, 1032, 1033
 2079:  978,  978,  970,  970
 2080:  978,  978,  971,  972
 2081:  978,  978,  972,  973
 2082:  999,   52, 1014,   52
 2083: 1034, 1035,  249,  250
 2084: 1036, 1037,  251,  252
 2085: 1035, 1038,  253,  254
 2086:  240,   54,  255,  999
 2087: 1039, 1040, 1039, 1040
 2088: 1040, 1041, 1040, 1041
 2089: 1041, 1042, 1041, 1042
 2090:  970,  974,  970,  974
 2091: 1012,  976, 1014,   52
 2092:  976,  977,   52,   52
 2093: 1014,   52, 1014,   52
 2094: 1043,   52, 1051,   52
 2095: 1044, 1045,   52,   52
 2096: 1046, 1047,  970,  970
 2097: 1047, 1047,  970,  970
 2098: 1047, 1048,  970,  970
 2099: 1049, 1050, 1052, 1053
 2100: 1054, 1055,  975,  977
 2101:  225,  225,  225,  225
 2102:   52, 1014,   52, 1002
 2103:  970,  970,  970, 1058
 2104:  970,  970, 1059,  970
 2105:  970,  970, 1058, 1059
 2106: 1052, 1052,  999,   52
 2107: 1056, 1057, 1052, 1060
 2108:  966,  966,  973, 1062
 2109:  966,  966, 1062, 1062
 2110:  966,  966, 1062,  971
 2111:  966,  966,  972,  973
 2112:  970,  978,  970,  978
 2113: 1061, 1052,   52,   52
 2114:  977,  820,   52,   52
 2115:  820,  975,   52,   52
 2116:  976, 1013,   52, 1014
 2117: 1054, 1063,  975,  976
 2118: 1063, 1055,  976,  977
 2119:   52,  169,   53,  169
 2120:  377,   53,  377,   52
 2121:   30,   28,  214,   78
 2122:   29,   30,   79,  214
 2123:   28,   29,  215,    7
 2124:   30,   28,    8,    9
 2125:  225,  169,  226,  173
 2126:  377,  225,  172,  225
 2127:  155,  156,  174,  175
 2128:  157,  155,  126,  127
 2129:  156,  157,   52,   52
 2130:  222,   17,  190,    1
 2131:   18,   19,    2,    0
 2132:  966, 1064,  970,  974
 2133:  231,  131,   52,  135
 2134:   68,   10,   83,   20
 2135:  976,  976, 1015, 1016
 2136:  976,  976, 1017, 1017
 2137:  976,  976, 1018, 1019
 2138:  976, 1013,  236, 1014
 2139: 1065, 1066, 1067, 1068
 2140:  980,  980,  986,  986
 2141:  980, 1069,  986, 1071
 2142:  240, 1014,  240, 1014
 2143:  225,  225,  966,  966
 2144:  969,  974,  970,  974
 2145:  335,  915,  336,  201
 2146: 1070,  983,  201,  201
 2147:  988,  988, 1074, 1075
 2148:  988, 1072,  993,  994
 2149: 1034, 1035, 1076, 1077
 2150: 1035, 1035, 1077, 1077
 2151:  240, 1014,  255, 1002
 2152: 1073, 1062,   52,   52
 2153: 1062, 1062,   52,   52
 2154:  970,  974,  969,  974
 2155:  339,  342,  720,  732
 2156: 1052, 1052, 1052, 1052
 2157: 1058, 1059,   52,   52
 2158:   52,   52,  820,  820
 2159:   52,   53,  820,   52
 2160:   52,   52,  226,  487
 2161:  295,  305,  286,  498
 2162:  709,  717,  759,  760
 2163:  498,  759,  286,  498
 2164:  227,  390,  966,  966
 2165:  969,  974,  970,  970
 2166:   52,   52, 1064,   52
 2167:  498,  759,  295,  305
 2168:  978,  978,  970,  971
 2169:  978,  978,  972,  972
 2170:  978,  978,  973,  970
 2171:  978,  978,  978,  970
 2172:  978,  978, 1062, 1062
 2173:  978,  978, 1062,  970
 2174:  978,  970,  978,  974
 2175:  971,  972, 1012,  976
 2176:  972,  972,  976,  976
 2177:  973,  970,  977,  969
 2178:  974,  266,  974,  539
 2179:  820,  820,   54,   54
 2180: 1052,  975, 1052,   52
 2181: 1013,  969, 1014,  969
 2182:   52,  963,   52,  967
 2183:  964,  969,  968,  969
 2184:   52,  969,  236,  969
 2185:  974,  266,  974,   52
 2186:  820,  820,   52,  331
 2187: 1078, 1079, 1081, 1082
 2188: 1080,   52, 1052,   52
 2189: 1014,  969, 1002,  969
 2190:  240,  969,  240,  969
 2191:  974,   52,  974,   52
 2192:  336,  337,  339,  720
 2193: 1083, 1084, 1086, 1087
 2194: 1085, 1052, 1052,   52
 2195: 1052,  969,  999,  969
 2196:  240,  969,  255,  969
 2197:  974,   52,  974,  669
 2198:  295,  494,  683,  305
 2199:  720,  721,  709,  717
 2200: 1088, 1052, 1052,   52
 2201: 1089,   52,   52,   52
 2202: 1014,  969, 1014,  969
 2203:  974,  669,  974,  669
 2204: 1052, 1090, 1052,  975
 2205: 1063, 1063,  976,  976
 2206: 1091,  969,  977,  969
 2207:   52,   52,   52,  820
 2208:   52,  969,  820,  969
 2209:   28,   29,    9,    7
 2210:   29,  118,  216,  217
 2211:   52,  231,   52,   52
 2212:  131,   37,  135,  136
 2213:  130,  232,  134,   52
 2214:  118,  295,  217,  295
 2215:   19,   17,    0,    1
 2216:  148,  149,  124,   52
 2217:   54,   52,   52,  174
 2218:  154,  155,   52,  527
 2219:  149,  295,   54,  295
 2220:   11,   13,   21,   23
 2221:  130,  131,  134,  135
 2222:   37,  130,  136,  134
 2223:  232,   52,   52,  174
 2224:   52,  176,  127,  137
 2225:  121,  295,  123,  295
 2226:  717,  717,  740,  717
 2227:   29,  118,  216, 1092
 2228:  168,  241,  118,  154
 2229:   29,  118,   79,  139
 2230:  124,  295,  232,  295
 2231:  981, 1093,  201,  201
 2232:   52,   54,   52,  174
 2233:  154,  155,  127,   52
 2234:   54,  295,   53,  295
 2235:  313,   52,  321,   52
 2236:  127,  295,  168,  295
 2237:  717,  724,  740,  717
 2238:  725,  570,  718,  301
 2239:  292,   52,  292,   52
 2240:   52,   52,  181,  182
 2241:   52,   52,   38,  120
 2242:   52,  137,  182,  119
 2243:   28,   29,    9,  216
 2244:  118,  295,  139,  295
 2245:  185,   17,  190,    1
 2246:   19,  148,    0,  124
 2247:  149,  295,   52,  286
 2248:  305,  709,  498,  759
 2249:  717,  767,  717,  718
 2250:  772,  355,  301,  292
 2251:  922,  807,  656,  656
 2252:  301,  292,  719,  353
 2253:   54,  137,   52,  241
 2254:  118,   54,  139,   52
 2255:   79,  139,  156,  149
 2256:  149,   52,   52,   53
 2257:   52,   52,   54,  181
 2258:  154,  155,  120,  182
 2259:  156,  149,   38,  120
 2260:   52,   52,  121,   52
 2261:  301,  292,  301,  924
 2262:  123,   52,  124,   54
 2263:  143,  295,  153,  683
 2264:  726,  718,  717,  718
 2265:  301, 1094,  301, 1096
 2266:   10,   11,   20,   21
 2267:   12,   10,   22,   20
 2268:  126, 1095,   21, 1097
 2269:  301, 1098,  301, 1100
 2270:   29, 1099,  216, 1101
 2271:  717,  717,  804,  805
 2272:  717,  740,  805,  805
 2273:  717, 1102,  928, 1102
 2274: 1103, 1104, 1109, 1110
 2275: 1105, 1105, 1111, 1111
 2276: 1106, 1106, 1112, 1112
 2277: 1105, 1103, 1113, 1109
 2278: 1104, 1107, 1110, 1111
 2279: 1108, 1108, 1111, 1111
 2280:  768,  807,  562,  563
 2281:  933, 1102,  932, 1102
 2282: 1114, 1115, 1124, 1108
 2283: 1116, 1116, 1108, 1108
 2284: 1116, 1117, 1125, 1126
 2285: 1118, 1119, 1127, 1128
 2286: 1120, 1116, 1129, 1130
 2287: 1116, 1121, 1108, 1108
 2288: 1122, 1114, 1131, 1124
 2289: 1115, 1116, 1108, 1108
 2290: 1123, 1123, 1132, 1132
 2291:  567, 1133,  927,  242
 2292:  824,  176,   54,  137
 2293:  168, 1102,  118, 1102
 2294: 1134, 1135, 1134, 1135
 2295: 1136, 1136, 1136, 1136
 2296: 1137, 1138, 1136, 1136
 2297: 1139, 1140, 1144, 1145
 2298: 1141, 1142, 1146, 1147
 2299: 1143, 1111, 1148, 1116
 2300: 1112, 1112, 1117, 1118
 2301:  292,  242,  292,  242
 2302:  217, 1102,  149, 1102
 2303: 1149, 1108, 1136, 1136
 2304: 1150, 1151, 1153, 1154
 2305: 1152, 1125, 1155, 1137
 2306: 1126, 1127, 1138, 1136
 2307:  894, 1102,  894, 1139
 2308: 1156, 1157, 1166, 1134
 2309: 1158, 1159, 1135, 1167
 2310: 1160, 1160, 1168, 1111
 2311: 1161, 1162, 1169, 1170
 2312: 1160, 1163, 1111, 1113
 2313: 1164, 1158, 1134, 1135
 2314: 1136, 1165, 1171, 1172
 2315:  894, 1144,  894, 1178
 2316: 1122, 1134, 1131, 1134
 2317: 1135, 1167, 1135, 1167
 2318: 1173, 1174, 1179, 1180
 2319: 1175, 1176, 1180, 1180
 2320: 1174, 1122, 1180, 1131
 2321: 1136, 1136, 1159, 1160
 2322: 1136, 1177, 1160, 1160
 2323:  717,  726,  717,  740
 2324:  292,  242,  292,  264
 2325: 1102, 1134, 1102, 1134
 2326: 1181,  240, 1181,  240
 2327:  894, 1102,  894, 1102
 2328: 1134, 1135, 1156, 1182
 2329: 1136, 1136, 1163, 1163
 2330: 1167, 1105, 1183, 1105
 2331: 1105, 1106, 1106, 1106
 2332:  717,  717,  805,  928
 2333:  718,  301,  772,  355
 2334:   53,   52,   52,  893
 2335:   54, 1139,   54, 1144
 2336: 1141, 1142, 1185, 1147
 2337: 1184, 1112, 1117, 1118
 2338:  807,  933,  656,  656
 2339:  355,  284,  284,  293
 2340:   52,  894,   52,  894
 2341:   52, 1178,   52,   52
 2342: 1150, 1151, 1186, 1154
 2343: 1152, 1108, 1187,   52
 2344: 1152, 1125, 1188, 1189
 2345: 1126, 1127, 1190, 1136
 2346:   52,   52, 1195, 1196
 2347: 1191, 1192, 1191, 1197
 2348: 1193, 1194, 1198, 1199
 2349:  894,  894,  894,  898
 2350: 1200, 1201, 1200, 1201
 2351: 1191, 1197, 1191, 1197
 2352: 1198, 1202, 1198, 1199
 2353:  894, 1203,  898, 1102
 2354: 1204, 1134, 1207, 1208
 2355: 1135, 1167, 1135, 1209
 2356: 1205, 1206, 1210, 1181
 2357: 1025,   52,  240,   52
 2358: 1200, 1201, 1211, 1212
 2359:  732,  732,  717,  726
 2360:  292,  242,  924,  242
 2361:   52, 1102,   52, 1102
 2362: 1167, 1181, 1167, 1181
 2363:  240,   52,  240,   52
 2364:   52,   52,   52, 1213
 2365:   52,   52, 1213,   52
 2366:  740,  717,  717,  717
 2367:  567,  242,  567,  242
 2368: 1134, 1135, 1156, 1157
 2369: 1136, 1136, 1158, 1215
 2370: 1167, 1181, 1183, 1181
 2371:   52, 1214,   52, 1213
 2372: 1214,   52, 1213,   52
 2373: 1166, 1134, 1122, 1134
 2374: 1216, 1217, 1218, 1219
 2375: 1131, 1134, 1102, 1134
 2376: 1179, 1220, 1181,  240
 2377: 1221,   52,   52,   52
 2378: 1222, 1223, 1111, 1225
 2379: 1224, 1105, 1226, 1168
 2380: 1223, 1224, 1225, 1226
 2381: 1181,  305, 1181,  564
 2382:  709,  717,  759,  921
 2383:  740,  717,  805,  805
 2384:  726,  717,  805,  805
 2385:  717,  717,  806,  717
 2386:  728,  717,  717,  717
 2387: 1116, 1227, 1108, 1108
 2388: 1228, 1218, 1222, 1179
 2389: 1229, 1116, 1108, 1108
 2390: 1227, 1228, 1231, 1222
 2391: 1181, 1230, 1181,  240
 2392:  564,  922,  934,  929
 2393:  808,  760,  564,  759
 2394:  717,  717,  760,  717
 2395: 1112, 1232, 1119, 1120
 2396: 1233, 1141, 1116, 1146
 2397: 1142, 1143, 1147, 1148
 2398: 1111, 1217, 1121, 1219
 2399: 1136, 1167, 1136, 1167
 2400: 1181,  820, 1181,  240
 2401:  168,  941,  118,  669
 2402: 1128, 1129, 1136, 1137
 2403: 1130, 1150, 1138, 1153
 2404: 1151, 1152, 1154, 1155
 2405: 1108, 1234, 1136, 1136
 2406:  217,  669,  149,  669
 2407: 1235, 1136, 1236, 1237
 2408: 1136, 1159, 1136, 1167
 2409: 1160, 1160, 1111, 1111
 2410: 1215, 1183, 1167, 1216
 2411: 1181,  240, 1217,  240
 2412:  248,  270,   53, 1238
 2413:   52,   52, 1239, 1240
 2414:   53,  669,   54,  669
 2415: 1241, 1136, 1163, 1163
 2416: 1136, 1136, 1163, 1164
 2417: 1173, 1145, 1179, 1180
 2418: 1242, 1122, 1180, 1131
 2419: 1167, 1218, 1167, 1179
 2420: 1219,  240, 1220, 1221
 2421:   54, 1243,   52, 1245
 2422:   54, 1244, 1246, 1247
 2423:   52,  669,   52,  669
 2424: 1106, 1105, 1106, 1106
 2425: 1105, 1134, 1105, 1156
 2426: 1136, 1167, 1163, 1183
 2427: 1248, 1249, 1251, 1252
 2428:   54, 1102,   54, 1102
 2429:   52,   54,   53, 1250
 2430: 1250,   52, 1250,   52
 2431:   54,  669,  669,  267
 2432:  709,  726,  709,  717
 2433: 1112, 1253, 1119, 1120
 2434: 1254, 1141, 1116, 1146
 2435: 1111, 1141, 1116, 1146
 2436: 1142, 1143, 1147, 1257
 2437: 1217,  240, 1219,  240
 2438: 1255, 1256,   52,  893
 2439:   52, 1250,   54, 1250
 2440:  266,  941,   54,  669
 2441:  267,  487,  487,  491
 2442:  491,  337,  339,  720
 2443:  709,  717,  721,  717
 2444: 1128, 1129, 1136, 1258
 2445: 1130, 1150, 1259, 1260
 2446: 1151, 1152, 1154, 1187
 2447: 1108, 1150,   54, 1186
 2448: 1220, 1221,  820,  267
 2449:   52,  894,   54,   54
 2450:  894, 1102,  820, 1102
 2451:  493,  494,  493,  305
 2452: 1194, 1261, 1266, 1267
 2453: 1262, 1263, 1197, 1263
 2454: 1264, 1265, 1268, 1269
 2455:   52,  669,   54,  669
 2456:  717,  717,  717,  728
 2457: 1202, 1267, 1266, 1267
 2458: 1197, 1263, 1197, 1263
 2459: 1268, 1269, 1268, 1269
 2460:   52, 1250,   52, 1250
 2461:  266,  941,   52,  669
 2462: 1203, 1204, 1102, 1207
 2463: 1134, 1135, 1208, 1135
 2464: 1167, 1205, 1209, 1210
 2465: 1206, 1025, 1181,  240
 2466: 1270, 1271,   54,   54
 2467:   52,   52, 1191, 1272
 2468: 1135, 1136, 1135, 1136
 2469:  717,  717,  728,  717
 2470: 1264, 1265, 1268, 1273
 2471: 1191, 1272, 1274, 1275
 2472: 1195, 1196, 1276, 1201
 2473: 1102, 1134, 1102, 1156
 2474: 1135, 1136, 1157, 1158
 2475: 1136, 1167, 1215, 1183
 2476:   54,  669,   52,  669
 2477: 1268, 1277, 1268, 1273
 2478: 1278, 1279, 1274, 1275
 2479: 1280, 1281, 1276, 1201
 2480: 1139, 1166, 1144, 1122
 2481: 1167, 1216, 1167, 1218
 2482: 1270, 1282,   54,   54
 2483: 1278, 1279, 1191, 1272
 2484: 1283, 1284,   54,   54
 2485: 1178, 1131,   52, 1102
 2486: 1167, 1179, 1167, 1181
 2487: 1220, 1221,  240,   52
 2488:   52,  531,   52,  525
 2489:  292,   52,  292,  113
 2490:  242,   52,  264,   52
 2491:  507,  163,  514,  164
 2492:   52,   52,  218,  218
 2493:  271,   52,  218,  218
 2494:  683,  305,  596,  305
 2495:  924,   52,  567,   52
 2496:   52,  507,   52,  525
 2497:  381,  377,  198,  377
 2498:  270,  331,  331,  335
 2499:  567,   52,  567,   54
 2500:   54,  527,   54,   54
 2501:  527,  206,   52,  206
 2502:  171,  377,  198,  377
 2503:  721,  717,  761,  717
 2504: 1094,  175, 1096,   20
 2505:   52,  531,   52,  528
 2506:  198,  377,  368,  511
 2507:   52,  154,  159,  380
 2508:  709,  717,  698, 1285
 2509:  717,  717, 1285,  778
 2510:  718,  301, 1286,  301
 2511: 1098,   28, 1100,   78
 2512:   52,  206,   53,  212
 2513:  523,  198,  525,  198
 2514:  198,  511,  198,  171
 2515:  295,  305, 1291, 1292
 2516:  709, 1287, 1293, 1293
 2517: 1288,  783, 1292, 1292
 2518: 1289,  301, 1294, 1292
 2519: 1290,  155, 1295,   52
 2520:  156,  149,   52,  257
 2521:   52,  219,   53,   52
 2522:  200,  202,  219,  570
 2523:  570,  567,  196,  567
 2524:  173,  452,   52,  169
 2525:  198,  198,  171,  198
 2526:  198,  511,  198,  164
 2527: 1296, 1297, 1296, 1297
 2528: 1297, 1297, 1297, 1297
 2529: 1298,  380, 1298,  511
 2530:   52,   52,  380,   53
 2531:  717,  718,  740,  718
 2532:  198,  198,  452,  164
 2533:  164,  172,  172,   52
 2534: 1299, 1300, 1304, 1305
 2535: 1301, 1300, 1306, 1307
 2536: 1300, 1301, 1306, 1307
 2537: 1302, 1300, 1308, 1309
 2538: 1303,  452, 1310,  173
 2539:  511,  380,  452,  377
 2540:  173,  172,   52,   52
 2541:  295,  305,  683,  305
 2542:  709, 1311,  709,  926
 2543: 1311, 1311,  926,  926
 2544:  158,  159,  173,  165
 2545:  380,   52,  172,   52
 2546:  709,  740,  721,  717
 2547:   52,  206,  256,  206
 2548:  313,  113,  321,  334
 2549:   52,  487,   52,  493
 2550:  491,  339,  494,  720
 2551:  728,  724,  740,  717
 2552:  353,  575,  200, 1312
 2553:  915,  384, 1312,  388
 2554:  385,  364,  389, 1312
 2555:  364,  491, 1312,  339
 2556:   52,  256,   52,  260
 2557: 1287, 1288, 1313, 1314
 2558:  761,  724,  761,  761
 2559:  725,  342,  724,  732
 2560:  342,  916,  732,  918
 2561:  917,  342,  919,  732
 2562: 1315, 1316,  783,  782
 2563:  761,  761,  761,  767
 2564:  805,  928,  807,  933
 2565:  284,   52,  293,  256
 2566:  741,  791,  741,  799
 2567:  355,  656,  284,  285
 2568:  923,  563,  293,   52
 2569:  563,  563,   52,   52
 2570: 1317,  656,  294,  285
 2571:  741,  766,  741,  766
 2572:  301,  765,  301,  765
 2573:  158,  159,  163,  198
 2574:  159,  159,  198,  198
 2575:  347, 1318,  347, 1319
 2576:  201,  201,  903,  903
 2577:  347,  809,  347,  809
 2578: 1320,  742, 1320,  748
 2579:  742,  749,  742,  742
 2580:  742,  742,  742,  748
 2581:  749,  742,  742,  742
 2582:  742, 1321,  742, 1322
 2583: 1318,  201, 1319,  903
 2584: 1320,  742, 1320,  742
 2585:  742, 1323,  748, 1322
 2586: 1324, 1324, 1318,  201
 2587: 1325,  756,  201,  201
 2588:  756, 1326,  201,  201
 2589: 1324, 1324,  201,  201
 2590: 1324, 1327,  201, 1331
 2591: 1328, 1327, 1328, 1331
 2592: 1326, 1329, 1332, 1322
 2593:  742, 1330,  742, 1333
 2594:  809, 1320,  809, 1320
 2595: 1319,  903,  809, 1320
 2596:  903,  903,  742,  748
 2597:  903,  903,  742,  742
 2598:  903, 1331,  742, 1336
 2599: 1328, 1331, 1328, 1336
 2600:  903,  903,  749, 1337
 2601: 1334, 1330,  766,  741
 2602:  742, 1335,  748, 1322
 2603:  742, 1333,  742, 1335
 2604: 1338, 1338, 1339,  748
 2605: 1339, 1338,  742, 1339
 2606: 1339,  742,  742,  749
 2607: 1338, 1338, 1338, 1338
 2608: 1338, 1339,  742,  742
 2609: 1338, 1337, 1338, 1337
 2610:  766, 1335,  766, 1340
 2611:  742, 1322, 1324, 1341
 2612:  742, 1330,  742, 1335
 2613: 1326, 1327,  201, 1331
 2614: 1324, 1325,  201,  201
 2615: 1338, 1342, 1339,  749
 2616: 1343,  201,  750,  903
 2617: 1344, 1345, 1346,  742
 2618: 1338, 1322, 1338, 1322
 2619:  903,  903, 1348, 1349
 2620:  903,  903, 1350, 1349
 2621:  903,  903,  748, 1337
 2622: 1338, 1347, 1338, 1351
 2623: 1347, 1347, 1351, 1351
 2624: 1320,  748, 1320,  742
 2625:  742, 1333,  742, 1333
 2626:  809, 1352,  809, 1362
 2627: 1353, 1354, 1338, 1338
 2628: 1355, 1353, 1338, 1338
 2629: 1338, 1338, 1338, 1363
 2630: 1338, 1354, 1364, 1365
 2631: 1356, 1337, 1354, 1366
 2632:  766, 1335,  766, 1330
 2633: 1338, 1357, 1338, 1337
 2634: 1358, 1359,  766, 1367
 2635: 1359, 1359, 1368, 1369
 2636: 1360, 1361,  809, 1320
 2637: 1338, 1335, 1339, 1330
 2638:  809, 1362,  809, 1362
 2639: 1338, 1370, 1338, 1375
 2640: 1371, 1371, 1376, 1376
 2641: 1371, 1372, 1376, 1377
 2642: 1361, 1373, 1320, 1373
 2643: 1363, 1374, 1378, 1337
 2644:  766,  741,  766,  741
 2645:  766, 1330,  766,  741
 2646:  742, 1335,  742, 1330
 2647: 1338, 1379, 1338, 1383
 2648: 1380, 1376, 1379, 1384
 2649: 1381, 1382, 1382, 1383
 2650: 1320, 1373, 1345, 1373
 2651: 1354, 1366, 1338, 1385
 2652:  766,  741,  766, 1335
 2653:  809, 1320, 1386, 1387
 2654:  809, 1388,  809, 1320
 2655: 1365, 1389, 1392, 1365
 2656: 1383, 1390, 1389, 1389
 2657: 1383, 1378, 1363, 1393
 2658:  742, 1373,  742, 1392
 2659: 1363, 1374, 1393, 1337
 2660:  766, 1330,  766, 1335
 2661:  742, 1391,  742,  742
 2662: 1368, 1368,  742,  742
 2663:  748, 1335, 1338, 1322
 2664:  748, 1392, 1359, 1359
 2665: 1364, 1364, 1359, 1359
 2666: 1393,  748, 1359, 1359
 2667:  742,  742, 1359, 1359
 2668:  748, 1337, 1359, 1394
 2669:  766, 1322, 1395, 1322
 2670:  742,  748, 1324, 1324
 2671: 1338, 1391, 1338, 1338
 2672: 1368, 1396, 1338, 1339
 2673:  737,  737,  742,  748
 2674:  737,  737, 1339, 1338
 2675: 1397, 1398, 1338, 1338
 2676:  742, 1322,  748, 1322
 2677: 1338, 1338, 1359, 1359
 2678: 1338,  742, 1359, 1360
 2679: 1338, 1338, 1361, 1338
 2680:  742, 1338,  742,  791
 2681: 1338, 1338,  792, 1359
 2682: 1338, 1338,  793, 1361
 2683: 1368, 1399,  748,  749
 2684: 1400, 1368,  742,  742
 2685: 1368, 1368,  748,  749
 2686: 1369,  809, 1322,  809
 2687: 1320, 1338, 1320, 1338
 2688:  791,  799, 1337,  766
 2689:  357,  357,  171,  198
 2690:  358,  800,  540,  809
 2691:  347,  809,  347,  347
 2692: 1326, 1324, 1318,  201
 2693: 1326, 1325,  201,  201
 2694: 1341,  809,  201, 1344
 2695: 1320, 1338, 1345, 1338
 2696: 1342, 1343,  742,  750
 2697:  198,  171,  209,  209
 2698:  387, 1344,  339, 1346
 2699:  220, 1334, 1332,  196
 2700: 1401,  201, 1405,  220
 2701:  201, 1332,  903, 1334
 2702: 1402, 1403, 1406, 1407
 2703: 1403, 1403, 1407, 1408
 2704: 1403, 1403, 1407, 1407
 2705: 1403, 1403, 1409, 1403
 2706: 1403, 1403, 1410, 1407
 2707: 1404,  766, 1411,  766
 2708:  339,  903, 1346,  742
 2709:  903,  903,  742, 1337
 2710: 1334, 1401,  766, 1418
 2711: 1321, 1389, 1419, 1389
 2712: 1412,  766, 1412,  766
 2713: 1413, 1414, 1420, 1421
 2714: 1415, 1413, 1422, 1420
 2715: 1414, 1415, 1421, 1422
 2716: 1416, 1407, 1420, 1423
 2717: 1417, 1414, 1420, 1421
 2718: 1413,  766, 1420,  766
 2719:  742,  748,  748,  742
 2720:  742, 1337,  742, 1337
 2721: 1337,  766, 1337,  766
 2722: 1424, 1389, 1424, 1389
 2723: 1425, 1426, 1425, 1389
 2724: 1427, 1428, 1389, 1389
 2725: 1426, 1427, 1389, 1389
 2726: 1425, 1429, 1425, 1429
 2727: 1425,  766, 1425,  766
 2728:  742, 1430, 1435, 1436
 2729: 1431, 1432, 1437, 1438
 2730:  766, 1322, 1439, 1440
 2731: 1337,  766, 1394, 1395
 2732: 1321, 1389, 1322, 1389
 2733: 1433, 1389, 1424, 1389
 2734: 1389, 1434, 1389, 1434
 2735: 1434, 1434, 1389, 1389
 2736: 1425, 1429, 1441, 1328
 2737: 1425, 1434, 1441, 1389
 2738: 1434, 1434, 1389, 1434
 2739: 1389, 1389, 1389, 1389
 2740: 1433,  766, 1412,  766
 2741:  196,  196,  196, 1401
 2742:  196, 1367,  196, 1322
 2743: 1368, 1396, 1389, 1389
 2744: 1442, 1442, 1389, 1389
 2745: 1442, 1397, 1389, 1389
 2746: 1398, 1389, 1389, 1389
 2747: 1433, 1328, 1389, 1389
 2748: 1433, 1389, 1389, 1389
 2749:  196, 1405, 1401,  201
 2750:  196, 1322,  196, 1340
 2751: 1389, 1389, 1324, 1443
 2752: 1389, 1389, 1444, 1444
 2753: 1389, 1389, 1445, 1324
 2754: 1389, 1389, 1329, 1389
 2755: 1424, 1389, 1446, 1447
 2756: 1389, 1434, 1389, 1389
 2757: 1389, 1389, 1389, 1446
 2758: 1412,  766, 1447, 1401
 2759: 1405,  220,  201, 1332
 2760: 1322, 1389, 1419, 1389
 2761: 1412,  766, 1450, 1343
 2762: 1448, 1449,  201,  201
 2763: 1445, 1324,  201,  201
 2764: 1327, 1328, 1331, 1328
 2765: 1327, 1324, 1331,  201
 2766: 1443, 1448,  201,  201
 2767: 1449, 1405,  201,  201
 2768: 1321,  742, 1330,  742
 2769: 1389,  750, 1389, 1389
 2770:  903,  903, 1389, 1389
 2771: 1331, 1328, 1336, 1328
 2772: 1331,  903, 1336, 1389
 2773:  903,  903, 1389, 1412
 2774: 1334,  196,  766,  196
 2775:  741,  742,  741,  742
 2776: 1338,  742, 1338,  742
 2777: 1389, 1412, 1389, 1412
 2778:  766,  196,  196,  196
 2779: 1335,  742, 1322,  742
 2780: 1337,  766, 1342, 1343
 2781: 1340, 1324,  201,  201
 2782: 1324, 1443,  201, 1332
 2783: 1368, 1368, 1347, 1347
 2784: 1398,  742, 1347, 1347
 2785: 1331,  220, 1336, 1318
 2786:  220,  220,  201, 1332
 2787: 1331,  903, 1336,  742
 2788:  903, 1334, 1337,  766
 2789: 1351, 1351, 1325,  756
 2790: 1351, 1351, 1326, 1324
 2791: 1351, 1351, 1329,  742
 2792: 1338,  742, 1339, 1338
 2793:  748,  742, 1338, 1338
 2794:  742,  742, 1338, 1338
 2795:  742,  742, 1338,  742
 2796: 1321, 1319, 1330,  809
 2797:  903,  903, 1320,  742
 2798:  196, 1405, 1401, 1332
 2799: 1322,  748, 1322,  742
 2800:  742,  748,  742,  742
 2801: 1333,  809, 1335,  809
 2802:  741,  742, 1335,  742
 2803: 1337,  766, 1337, 1451
 2804: 1405, 1334, 1332,  196
 2805: 1320,  748, 1345,  742
 2806: 1327, 1405, 1331, 1332
 2807: 1334,  196,  196,  196
 2808: 1361, 1338, 1320,  748
 2809:  903,  220, 1321, 1318
 2810:  220, 1331,  201, 1331
 2811: 1328, 1331, 1328, 1331
 2812:  903,  903, 1321,  742
 2813:  903, 1346,  742,  742
 2814: 1331, 1334, 1336,  766
 2815: 1345,  742,  742,  742
 2816: 1322, 1319, 1322,  809
 2817:  903, 1331, 1320, 1336
 2818: 1322,  742, 1322,  742
 2819: 1014,   54, 1014,   54
 2820:   54, 1014,   54, 1014
 2821:  970,  970,  978,  978
 2822:  966,  966,  978,  978
 2823:  969,  970,  969,  974
 2824:  972,  973,  976,  977
 2825:  971,  972,  975,  976
 2826:  972,  973,  976, 1013
 2827:   52,   52, 1452, 1453
 2828:   52,   52, 1454, 1454
 2829:   52,   52, 1455, 1456
 2830:   52,   52,  236,   52
 2831: 1457, 1458, 1457, 1462
 2832: 1459, 1459, 1459, 1459
 2833: 1460, 1461, 1463, 1461
 2834:  233,  235,  237,  239
 2835:  236, 1014,  240, 1014
 2836: 1014,   52, 1054, 1063
 2837:   52,   52, 1055,   52
 2838:   52,   52,   52, 1090
 2839:   52, 1014, 1063, 1091
 2840: 1464, 1465, 1469, 1470
 2841: 1466, 1466, 1471, 1472
 2842: 1467, 1468, 1470, 1473
 2843:  243,  247, 1474, 1475
 2844:  240, 1014,  255, 1014
 2845:  975,  976,  966,  966
 2846:  977,  820,  966,  966
 2847:  820,  975,  966,  966
 2848:  976,  977,  966,  966
 2849:  249,  250,   52,   52
 2850:  251,  252, 1044, 1045
 2851:  253,  254,   52,   52
 2852:  255,   52,   52,   52
 2853: 1055,   52,  977,   52
 2854:   54, 1090,   54,  975
 2855: 1063, 1091,  976,  977
 2856:  970,  970,  971,  972
 2857:  970,  970,  972,  972
 2858: 1003, 1011, 1003, 1004
 2859:  975,  976, 1001, 1001
 2860:  976,  976, 1001, 1001
 2861:  976,  976, 1001, 1476
 2862:  976,  976, 1477, 1478
 2863: 1479, 1480,   54,   54
 2864: 1480, 1480,   54,   54
 2865: 1004, 1011, 1003, 1011
 2866: 1481, 1482,  158,  159
 2867: 1481, 1482,  159,  380
 2868:  233,  234,  237,  238
 2869:  234,  235,  238,  239
 2870:  236,   52,  240,  999
 2871:   52,   52,  127,  233
 2872:   54,   54,  234,  234
 2873:   54,   54,  235,  236
 2874:  169,  198,  169,  198
 2875:  198,  377,  198,  377
 2876:  243,  245, 1076,  251
 2877:  246,  247,  252, 1475
 2878:  168,  237,  118,  243
 2879:  238,  238,  244,  244
 2880:  239,  240,  247,  240
 2881:   54,   54,  181,  182
 2882:   54,   54,   38,  120
 2883:   54,   54,  121,   52
 2884:  173,  165,   52,   52
 2885:  165,  172,   52,   52
 2886:   52, 1044,   52,   52
 2887: 1045,   52,   52,   52
 2888:  217, 1076,  149,   52
 2889: 1077, 1077,   52,   52
 2890: 1475,  255,   52,   52
 2891:  123,   52,  124,   52
 2892:  242,   54,  242,   54
 2893:  537,  538,  358,  344
 2894:  536,   52,  538,  536
 2895:  175,   11,   20,   21
 2896:  824,  824, 1001, 1001
 2897:  820,   52, 1001, 1001
 2898:   52, 1002, 1001, 1001
 2899:  171,  198,  198,  198
 2900:  198,  171,  901,  198
 2901:  369,  358,  901,  540
 2902:  344,  538,  347,  825
 2903:   52,  137,  182,   38
 2904:   30,   28,   38,    9
 2905:   29,  118,    7,   38
 2906: 1479, 1480,  120,  182
 2907: 1480, 1480,   38,  120
 2908: 1480, 1480,  182,   38
 2909: 1480, 1480,  120,  182
 2910:  198,  901,  198,  198
 2911:  170,  540,  198,  540
 2912:  347,  832,  347,  837
 2913:  966,  970,  978,  978
 2914:  978,  970,  978,  978
 2915:  978,  970,  978,  970
 2916:  966,  970,  970,  970
 2917:  970,  978,  969,  978
 2918:  970,  971,  974,  975
 2919:  973,  970, 1013,  969
 2920:  970,  970,  970,  974
 2921: 1062, 1062,  999,  820
 2922: 1062, 1062,  820,  820
 2923: 1062,  970,  820,  969
 2924:  974,   52,  974,   54
 2925:   52,   52,   54, 1452
 2926:   52,   52, 1453, 1454
 2927:   52,   52, 1454, 1455
 2928:   52,   52, 1456,  236
 2929: 1014, 1452, 1014, 1457
 2930: 1483, 1484, 1487, 1488
 2931: 1485, 1486, 1489, 1490
 2932: 1456,  236, 1461,  240
 2933:  669,  969,  669,  969
 2934:  974,   54,  974,   54
 2935:   54, 1457,   54, 1464
 2936: 1462, 1459, 1465, 1466
 2937: 1459, 1463, 1466, 1467
 2938: 1461,  240, 1468,  240
 2939: 1014, 1464, 1014, 1469
 2940: 1465, 1466, 1470, 1471
 2941: 1466, 1467, 1472, 1470
 2942: 1468,  240, 1473,  240
 2943:   54, 1469,   54,  249
 2944: 1470, 1471,  250,  251
 2945: 1472, 1470,  252,  253
 2946: 1473,  240,  254,  255
 2947: 1014, 1076, 1014,   54
 2948: 1077,  251,   54, 1044
 2949:  252, 1077, 1045,   54
 2950: 1475,  255,   54,   54
 2951:  974,  669,  974,  266
 2952:  596,  305,  295,  305
 2953:  974,   52,  974, 1090
 2954:   52,   52, 1063, 1055
 2955:   52,   52, 1090, 1063
 2956: 1014,  969, 1091,  969
 2957:  669,  969,  266,  969
 2958:  974,  975,  970,  966
 2959:  820,   52,  966,  966
 2960:   52,  820,  966,  966
 2961:  977,  969,  966,  970
 2962:  970,  974,  970,  970
 2963: 1002,  820,  966,  966
 2964:  820,  820,  966,  966
 2965:  820,  969,  966,  970
 2966:  970,  970,  970,  971
 2967:  970,  970,  972,  973
 2968:  970,  970, 1062, 1062
 2969:  970,  970,  973,  970
 2970:  970,  970,  970, 1062
 2971:  970,  970, 1062,  970
 2972:  759,  921,  498,  922
 2973:  974,  975,  974,   54
 2974:  976,  976,   54,   52
 2975:  976,  977, 1452, 1453
 2976:   52,   52, 1491, 1492
 2977:  975,  976, 1455, 1456
 2978:  976,  976,  236,   52
 2979:  977,  969,   54,  969
 2980:  974,   52,  974,  174
 2981:   52,  969,  127,  969
 2982:  974,   52,  974,  257
 2983:  286,  656,  294,  285
 2984:  974,   54,  974,  999
 2985: 1457, 1458, 1457, 1458
 2986: 1493, 1494, 1459, 1459
 2987: 1460, 1461, 1460, 1461
 2988:   54,   54,  820,  820
 2989:   54,  969,  999,  969
 2990:  974,  176,  974,  137
 2991:  168,  969,  118,  969
 2992:  974,   52,  970,  966
 2993:  974, 1014,  974, 1014
 2994:  516,  516, 1495, 1495
 2995:  974,  241,  974,  154
 2996:  217,  969,  149,  969
 2997:  970, 1062,  974,   52
 2998: 1496, 1497, 1471, 1472
 2999:   52,  969,  966,  970
 3000:  824,  824,  181,  182
 3001:  824,  824,   38,  120
 3002: 1498,   52,   52,   52
 3003:  969,  978, 1001, 1001
 3004:  974, 1002, 1001, 1001
 3005:  820,  820, 1001, 1001
 3006:  820,  969, 1001, 1001
 3007:  974, 1499, 1476, 1505
 3008: 1500, 1501, 1506, 1507
 3009: 1502, 1503, 1508, 1509
 3010: 1504,  174, 1510,  176
 3011: 1511, 1512,  120,  121
 3012: 1513, 1514,   52,  158
 3013: 1514, 1515,  380,  181
 3014: 1516,  137,  182,   38
 3015:  377,  185,  377,  190
 3016:  196,  292,  196,  292
 3017:  168,  295,  118,  295
 3018:  216,  214,  148,  157
 3019:  217,  295,  149,  295
 3020:  124,  233,  232,  237
 3021: 1517, 1518, 1519, 1520
 3022:  196,  292,  196,  924
 3023:   52,  237,   52,  243
 3024:  238,  238,  244,  245
 3025:  238,  238,  246,  244
 3026:   52,  241,  364, 1070
 3027:  217,  935,  984, 1525
 3028:  820, 1521,  935,   52
 3029: 1522,  251,   52, 1044
 3030:  252, 1523, 1045,   52
 3031: 1524,  255, 1058, 1059
 3032:  200,  201,  202,  204
 3033:  201,  201,  227, 1527
 3034:  201,  201,  930,  931
 3035:  201,  374,  991,  200
 3036: 1525,  935,  374, 1525
 3037:   52, 1526,  820, 1526
 3038: 1526,   52, 1526,  820
 3039:  539,   52,  264,  331
 3040:  201,  201,  227,  204
 3041:  724,  725,  717,  718
 3042:  211,  292,  301,  292
 3043:  820,  176,   52,  137
 3044:  168,  219,  118,   52
 3045: 1010,  364, 1010,  201
 3046: 1528, 1528,  223,  224
 3047:  364,  920,  201,  201
 3048:  740,  726,  717,  717
 3049:  928,  772,  933,  355
 3050:  139,   53,  149,  669
 3051:  113,  219,  820,  820
 3052:  227, 1008,  158,  163
 3053: 1010,  227,  511,  380
 3054:  227,  227,  995,  996
 3055:   52,  286,   52,  294
 3056:  820,  820,  158,  159
 3057:  820,  820,  159,  159
 3058:  495,  496,  163,  421
 3059:  163,  421,  421,  421
 3060:  421,  377,  164,  172
 3061:  997,  998,   52,   52
 3062:   52,  158,  966,  163
 3063:  163,  421,  164,  165
 3064:  421,  421,  165,  165
 3065:  421,  164,  166,  167
 3066:  165,  166,   52,   52
 3067:  167,   53,   53,  226
 3068:   53,  113,   52,   52
 3069: 1062,  166,   52,   52
 3070:  167,   52,   52,  113
 3071: 1477, 1478, 1481, 1482
 3072:   52,   52,  669,  820
 3073:   52,   52,  820,   52
 3074:  113,   52,   52,  113
 3075:  824,  824,  182,   38
 3076:  824,  264,  120,  182
 3077:   52,   54,  121,   54
 3078:  669,   52,  669,   52
 3079:   52,   52,  120,  182
 3080:   53,  294,   38,  120
 3081:  286,  656,  182,   38
 3082:  669,   52,  266,   52
 3083:   29,  118,    7,   90
 3084:   54,   54,  120,  182
 3085:  137,   28,  119,    9
 3086:  218,  218,  120,  182
 3087:  218,  218,   38,  120
 3088:  218,  218,  182,   38
 3089:   52, 1214,   52,   52
 3090: 1214,   52,   52,   52
 3091:   52,   52,   52, 1203
 3092: 1102, 1134, 1204, 1134
 3093: 1181,  240, 1529, 1530
 3094:   52,   52, 1531, 1531
 3095: 1191, 1197, 1532, 1533
 3096: 1207, 1208, 1134, 1135
 3097: 1135, 1209, 1136, 1136
 3098: 1534, 1534, 1136, 1136
 3099: 1534, 1210, 1136, 1167
 3100: 1181, 1533, 1535, 1536
 3101: 1198, 1202, 1537, 1537
 3102:   52, 1102,   52, 1139
 3103: 1156, 1182, 1140, 1111
 3104: 1163, 1163, 1111, 1111
 3105: 1163, 1164, 1541, 1134
 3106: 1158, 1167, 1135, 1167
 3107: 1538, 1539, 1542, 1543
 3108: 1540, 1540, 1544, 1544
 3109:   52, 1144,   52, 1178
 3110: 1145, 1116, 1108, 1108
 3111: 1122, 1134, 1131, 1156
 3112: 1135, 1167, 1182, 1183
 3113: 1179, 1545, 1181, 1533
 3114: 1546, 1546, 1198, 1199
 3115:  717,  717,  726,  740
 3116:   52,  900,  113,   52
 3117: 1111, 1547, 1116, 1121
 3118: 1217, 1533, 1219, 1533
 3119:  567,  935,  374, 1525
 3120:  225,  225,  935,  225
 3121:   54,   54,   52,   54
 3122:   54,   52,   54,   54
 3123: 1178, 1108,   52,   52
 3124: 1108, 1108,   52,   52
 3125: 1220, 1548, 1191, 1197
 3126: 1549, 1202, 1549, 1199
 3127:  200,  374,  725,  200
 3128: 1525,  824,  374,  364
 3129:  824,  824,  364,  364
 3130: 1550, 1551, 1552, 1551
 3131: 1552, 1551, 1552, 1551
 3132:  732,  732,  717,  740
 3133:  717,  726,  805,  805
 3134:  807,  807, 1553, 1554
 3135: 1552, 1551, 1555, 1556
 3136: 1133,  824,  264,   54
 3137:  824,  824,   54,   54
 3138:  824,  824,   52,   52
 3139:  824,  824,  894,  894
 3140:  264,  894,  894,  894
 3141:  894,  894,  181,  182
 3142:  894,  894,   38,  120
 3143:  894,  894,  182,   38
 3144:  894,  894,  120,  182
 3145:  894,  898,  182,   38
 3146:   52,  173,  120,  182
 3147:   30,   28,   90,    9
 3148: 1264, 1265, 1270, 1271
 3149:   52, 1250,   53, 1250
 3150:   52,  669,  113,  669
 3151: 1202, 1267, 1266, 1557
 3152: 1197, 1263, 1197, 1203
 3153:   54, 1102, 1531, 1558
 3154: 1167, 1181, 1167, 1205
 3155:  240,   52, 1206, 1025
 3156:  717,  717,  717,  726
 3157: 1202, 1557, 1537, 1537
 3158: 1197, 1102, 1559, 1560
 3159: 1207, 1534, 1134, 1135
 3160: 1208, 1135, 1136, 1136
 3161: 1209, 1210, 1136, 1167
 3162:  596,  305,  286,  498
 3163: 1561, 1562, 1563, 1564
 3164: 1159, 1163, 1167, 1168
 3165: 1163, 1183, 1111, 1547
 3166:  294,  286,  821,  294
 3167:  498,  922,  286,  656
 3168:  807,  807,  656,  656
 3169: 1546, 1546, 1266, 1557
 3170: 1565, 1131, 1197, 1102
 3171: 1167, 1173, 1183, 1179
 3172: 1175, 1176, 1108, 1108
 3173:  823,  267,  877,  878
 3174:  267,  285,   52,   52
 3175: 1202, 1557, 1266, 1557
 3176: 1197, 1139, 1197, 1144
 3177: 1140, 1111, 1145, 1116
 3178: 1547, 1217, 1121, 1219
 3179:  240,   54,  240,   54
 3180:   52, 1250, 1250, 1250
 3181:  884,  885, 1566,  267
 3182:   52,   52,  267,  334
 3183: 1197, 1178, 1197, 1250
 3184: 1108, 1108, 1250, 1250
 3185: 1108, 1220, 1250, 1250
 3186: 1221,   54, 1250, 1250
 3187:   52,   52, 1250, 1250
 3188:   54,   54, 1250, 1250
 3189:   52,   54, 1250, 1250
 3190: 1250, 1250, 1250,   52
 3191:   52, 1566, 1566, 1567
 3192: 1567,  335,  335,  336
 3193: 1197, 1550, 1197, 1552
 3194:  267,  267,  364,  364
 3195: 1567,  335,  920,  336
 3196:  336,  339,  339,  720
 3197: 1197, 1552, 1197, 1552
 3198:  732,  732,  726,  717
 3199: 1197, 1552, 1568, 1555
 3200:  807,  807,  929,  930
 3201:  807,  807,  931,  932
 3202:  380,  824,  511,  160
 3203:  824,  824,  496,  159
 3204:  824,  824,  159,  159
 3205:  824,  824,  159,  380
 3206:  267, 1569,   54,  823
 3207:  564,  759, 1569,  564
 3208:  165,  165,   38,  120
 3209:  165,  165,  182,   38
 3210:  165,  165,  120,  182
 3211:  165,  165,  121,   52
 3212:  165,  165,   54,   54
 3213:  452,  377,  169,  377
 3214:  527,   54,   54,  527
 3215:  823, 1569,   54,  823
 3216:  564,  759,  596,  305
 3217:   54,   54,   52,   53
 3218:  169,  511,  173,  452
 3219:  160,  161,  171,  511
 3220:  452,  164,  169,  377
 3221:  742, 1338,  742, 1339
 3222:  750,  200,  742,  750
 3223:  201,  201,  903,  220
 3224:  201,  339,  903, 1346
 3225: 1346,  742,  742,  742
 3226:  742,  742, 1446, 1447
 3227:  742,  742, 1339, 1338
 3228: 1321, 1318, 1330, 1319
 3229: 1321,  742, 1322,  742
 3230:  748,  742,  742,  748
 3231: 1448, 1449, 1338, 1338
 3232: 1338, 1338,  742,  742
 3233: 1339, 1338,  742,  742
 3234: 1335,  809, 1322,  809
 3235: 1320,  742, 1320, 1338
 3236: 1322,  742, 1322,  748
 3237: 1338, 1338, 1339, 1338
 3238: 1446, 1447, 1448, 1449
 3239: 1330,  809, 1333,  809
 3240: 1322,  742, 1330,  742
 3241: 1338, 1339, 1446, 1447
 3242: 1333,  809, 1333,  809
 3243: 1335,  742, 1330,  742
 3244: 1448, 1449,  742,  742
 3245: 1335,  809, 1330,  809
 3246:  809, 1320,  809, 1326
 3247:  742,  742, 1325,  756
 3248:  742,  742, 1326, 1324
 3249:  748,  742, 1327, 1328
 3250:  742,  748, 1327, 1324
 3251:  742,  742, 1325, 1326
 3252:  742,  742, 1324, 1325
 3253:  742,  742,  756,  756
 3254:  742,  742, 1327, 1328
 3255:  742,  742, 1327, 1324
 3256: 1335,  809, 1341,  809
 3257: 1331, 1328, 1331, 1328
 3258: 1331,  201, 1331,  220
 3259:  201,  201,  220,  903
 3260: 1331,  201, 1331,  903
 3261:  201, 1344,  903, 1346
 3262: 1345, 1338,  742, 1338
 3263: 1322,  742, 1340, 1324
 3264: 1318,  201, 1319,  227
 3265: 1331,  201, 1331,  227
 3266: 1332, 1321, 1334, 1322
 3267: 1336, 1328,  742,  742
 3268: 1336,  742,  742, 1338
 3269: 1338, 1338, 1338,  742
 3270: 1570,  347, 1572,  347
 3271:   52,   53, 1573, 1574
 3272: 1336, 1328, 1575, 1576
 3273: 1336,   52, 1577, 1574
 3274:   53, 1571, 1578, 1571
 3275:  206, 1322,  206, 1322
 3276:  742, 1338,  742, 1338
 3277: 1321, 1318, 1322, 1319
 3278:  201, 1570,  204, 1572
 3279: 1579, 1580, 1585, 1586
 3280: 1581, 1582, 1587, 1588
 3281: 1583, 1580, 1589, 1586
 3282: 1584, 1571, 1590, 1571
 3283: 1322,  362, 1322,  362
 3284: 1591,  347, 1598,  347
 3285: 1592, 1593, 1573, 1574
 3286: 1594, 1595, 1575, 1576
 3287: 1596, 1593, 1577, 1574
 3288: 1597, 1571, 1578, 1571
 3289:  206, 1322,  206, 1340
 3290:  742, 1338,  756,  754
 3291: 1338,  742,  755,  756
 3292:  742,  742, 1326, 1325
 3293:  742,  748,  756, 1326
 3294: 1322,  362, 1341,  362
 3295:  853,  347,  493,  347
 3296: 1584, 1599, 1590,   53
 3297:  212,  201,  219,  227
 3298:  201,  388,  227,  388
 3299:  389,  201,  389,  227
 3300:  201,  506,  227,  390
 3301:  493,  347,  493,  347
 3302:  362,   52,  362,  536
 3303: 1592, 1593,   52,   52
 3304: 1594, 1595,   53,   52
 3305: 1596, 1593,   52,   52
 3306: 1597,   52,   53,   52
 3307:   52,   53,   52,  256
 3308:   53,   52,  450,  450
 3309:  113,   52,  536,   52
 3310:  566,  564,   52,  566
 3311:  344,  538,  564,  344
 3312:  468,  469,  262,  357
 3313:  537,  538,  358,  549
 3314:  260,  468,  689,  262
 3315:  362,   53,  362,   52
 3316:  263,  198,  901,  198
 3317:  901,  198,  198,  198
 3318:  901,  170,  171, 1600
 3319: 1322,  809, 1322,  809
 3320: 1337,  766, 1337, 1343
 3321: 1339,  742, 1338,  742
 3322: 1340, 1325,  201,  201
 3323: 1326, 1324,  201,  201
 3324: 1327, 1405, 1331,  201
 3325:  903,  903,  742, 1321
 3326:  220,  220, 1318,  201
 3327:  220,  903, 1332, 1321
 3328: 1331,  903, 1336, 1337
 3329:  742, 1323,  742, 1322
 3330: 1325, 1327, 1318, 1331
 3331: 1320,  742, 1345,  742
 3332: 1319,  227,  362, 1601
 3333:  227,  227,   52, 1571
 3334: 1334, 1330,  206, 1335
 3335:  742, 1339,  742, 1339
 3336: 1339, 1337, 1338, 1337
 3337:  766,  196,  766,  196
 3338:  742, 1322,  742, 1322
 3339: 1319, 1331,  809, 1336
 3340:  742,  742, 1323, 1324
 3341:  748, 1335, 1326, 1341
 3342:  362, 1601,  362, 1601
 3343:   52, 1571,   52, 1571
 3344:  206, 1330,  206,  741
 3345:  748, 1338,  742, 1338
 3346: 1322, 1318, 1322, 1319
 3347:  506, 1602,  390,   52
 3348:  206,  741,  206, 1335
 3349:  809, 1326,  347, 1318
 3350: 1341,  362,  201,  506
 3351: 1601,   52, 1602,   52
 3352:   52,   52,   52,  869
 3353:   52, 1571,  872, 1571
 3354:  347, 1319,  347,  362
 3355:  227,  227, 1601,   53
 3356:   52,  869,   52,  873
 3357:  872,  873,  876,  879
 3358:  876, 1571,  882, 1571
 3359:  206, 1322,  206, 1330
 3360: 1570,  362, 1572,  362
 3361: 1601,   52, 1601,   53
 3362:   52, 1603,   52, 1608
 3363: 1604, 1605, 1609, 1610
 3364: 1606, 1604, 1611, 1609
 3365: 1605, 1606, 1610, 1611
 3366: 1607,  879, 1612,  886
 3367:  882,  886,  889,  154
 3368:  889, 1571,  149, 1571
 3369: 1602,   52,   52,   52
 3370:   52, 1613,  869,  870
 3371: 1614, 1615, 1618, 1619
 3372: 1616, 1614, 1620, 1618
 3373: 1615, 1616, 1621, 1622
 3374: 1617,  154,  232,   53
 3375:  206, 1335,  206, 1322
 3376: 1601,   52, 1601,  869
 3377:   52,   52,  872,   52
 3378:  873,  874,  879,  880
 3379:  875, 1623,  881, 1628
 3380: 1624,  134,  882,   52
 3381:   52,  348,   52, 1571
 3382: 1625,  371,  206, 1367
 3383:  371,  371, 1399,  737
 3384:  371, 1626, 1400, 1399
 3385: 1627, 1322, 1400, 1398
 3386: 1601,  873, 1601,  879
 3387:  886, 1629,  154, 1635
 3388: 1630, 1631, 1609, 1610
 3389: 1632, 1633, 1611, 1636
 3390: 1634, 1634, 1324, 1325
 3391: 1634, 1634,  756, 1326
 3392: 1634,  748, 1325, 1327
 3393: 1634, 1634, 1328, 1327
 3394: 1634, 1634, 1326, 1325
 3395: 1634, 1337, 1326, 1325
 3396: 1602,  886,   52,  154
 3397:   52, 1613,   52,  231
 3398: 1614, 1615, 1637, 1638
 3399: 1616, 1617, 1622,  232
 3400:   53, 1599,   52,   52
 3401:  201, 1331,  227, 1331
 3402:  201, 1332,  227, 1334
 3403:  135,  136,  450,  450
 3404:  134,   52,  450,  450
 3405:   52, 1336,   52,   52
 3406: 1328, 1336,  527,   52
 3407:   52,  206,  450,  206
 3408:  260,  468,  261,  262
 3409:  469, 1439,  357,  357
 3410: 1639,  196,  357,  357
 3411:  198,  170,  198,  198
 3412: 1600,  198,  198,  198
 3413:  362,  507,  362,  514
 3414:  380,  766,  511,  766
 3415: 1640,  742, 1641, 1640
 3416:  742,  748,  742,  748
 3417:  131,   68,  135,   83
 3418:  344, 1641,  358,  344
 3419:  742, 1333,  749, 1333
 3420:  347,  362,  347,  825
 3421:   52,  137,  182,    8
 3422:  344, 1641,  347,  809
 3423:   52,   52,   52,  824
 3424:   52,   52,  824,  264
 3425:   52,   54,  669,  267
 3426:   54,   54,  267,  941
 3427:   54,   54,  267,  267
 3428:  901,  540,  209,  387
 3429:  347,  809,  373,  809
 3430:   52,   52,   52,  266
 3431:  669,   52,  267,  941
 3432:   54,   54,   54, 1133
 3433:   54,   54,  824,  824
 3434:   52,  669,  264,  266
 3435:   54,  185,  267,  190
 3436:  376, 1344,  339, 1346
 3437:  742, 1333, 1642,  907
 3438:   54,  242,   54,  242
 3439:   52,   52,  266,  941
 3440:  257,  266,   52,   52
 3441:   52,   52,   52,  669
 3442:   52,  242,   52,  242
 3443:   52,  527,  669,  267
 3444:   52,   52,  267,  267
 3445:   52,  231,  821,  266
 3446: 1346, 1642, 1642,  907
 3447:  907,  339,  339,  376
 3448:   52,  669, 1133,  820
 3449:   52,  242,   52,  824
 3450: 1643,  242,  267,  820
 3451:   54,  242,   54,  264
 3452:  669,   54,  266,  267
 3453:   54,   52,  941,   52
 3454: 1644,   52,   52,  669
 3455:   54,  137,   54,  241
 3456:  742, 1642,  756,  907
 3457:  390,   52,  824,  824
 3458:  242,   52,  824,  824
 3459:   52,   52,  264,   52
 3460:   52,  669,  267,  267
 3461:   54,   52,  267,  267
 3462:   52,   52,  941,   52
 3463:  669,  267,  266,  821
 3464:  267,  267,   54,   54
 3465:   54,  154,   54,   54
 3466:  390,  142,   52,  152
 3467:  143, 1526,  153, 1526
 3468: 1526, 1526, 1526, 1526
 3469: 1526,  669, 1526,  266
 3470:   52,   52,  935,   52
 3471:  266,  821,   52,  823
 3472:   52,  823,  821,   52
 3473:   52, 1015,   54, 1020
 3474: 1016, 1017, 1646, 1022
 3475: 1017, 1017, 1022, 1022
 3476: 1645, 1017, 1022, 1022
 3477:  823,  820,   53,   54
 3478:   54, 1020,   54, 1026
 3479: 1021, 1022, 1027, 1028
 3480: 1647, 1022, 1028, 1028
 3481:  352,  487,  359,  596
 3482:  491,  339,  494,  390
 3483:   52,   54,  935,   54
 3484:   54, 1034,   54,  249
 3485: 1035, 1036,  250,  251
 3486: 1037, 1035,  252, 1077
 3487:  198,  369,  198,  198
 3488:  358, 1648,  540,  347
 3489: 1525,  820,  374,  364
 3490:   53,   52,  364,  364
 3491:   52, 1044,  364,  364
 3492: 1045,   52,  364,  364
 3493:  820,  820,  364,  364
 3494:  369,  358,  198,  369
 3495:  248,  218,  450,  450
 3496:  226,   52,  450,  450
 3497:  549,  469,  357,  357
 3498:  198,  171,  198,  198
 3499:  198,  901,  170,  198
 3500:   52,  169,  158,  163
 3501:  377,  231,  377,   52
 3502:  113,  158,   52,  173
 3503:  163,  421,  165,  165
 3504:  377,   52,  172,  684
 3505:   52,  137,  365,  241
 3506:   28,   29,  215,   79
 3507:  157,  155,   54, 1015
 3508:  156,  157, 1016, 1017
 3509:  155,  156, 1017, 1018
 3510:  157,  155, 1019,  236
 3511:  157,  155,   52,   52
 3512:   52,  487,  487,  628
 3513:  627,  685,  629,   52
 3514:  686, 1070,  687,  201
 3515:  983,  981,  201,  201
 3516:  982,  983,  201,  201
 3517:   54, 1026,   54, 1034
 3518: 1027, 1649, 1035, 1651
 3519: 1650, 1029, 1652, 1035
 3520: 1030,  240, 1038,  240
 3521:  491,  630,  339,  631
 3522:  158,  380,  169,  511
 3523:  688, 1527,  380,  176
 3524:  990,  931,   20,   21
 3525:  989,  930,   22,   20
 3526:   54, 1076,   54,   54
 3527: 1077,  251,   52, 1044
 3528:  252, 1077, 1045,  487
 3529: 1475,  255,  364,  364
 3530:  169,  164,  173,  172
 3531:  172,  137,   54,  241
 3532:  981,  984,  201,  201
 3533:  384,  385,  388,  389
 3534:  364, 1070,  201,  201
 3535:  931,  991,   21,  168
 3536:  388,  389,  113,   52
 3537:  227,  227,  893,  894
 3538:  227,  227,  894,  894
 3539:  227, 1527,  894,  176
 3540:  365,   52,  686,  365
 3541:   54,  894, 1015, 1016
 3542:  894,  894, 1017, 1017
 3543:  894,  894, 1018, 1019
 3544:  898,  137,  236,  241
 3545:  894,   54,  819,   54
 3546:  240,  154,  240,   52
 3547: 1017, 1653, 1022, 1022
 3548: 1017, 1018, 1022, 1654
 3549: 1019,  236, 1024,  240
 3550:   52,  819,  819,  822
 3551:  822,   54,   54,   54
 3552:  240,   52,  255,   52
 3553: 1022, 1655, 1028, 1028
 3554: 1022, 1023, 1028, 1029
 3555: 1024,  240, 1030,  240
 3556:   52,  820,   52,   52
 3557:  822,   52,   52,   52
 3558:   52,  900,  487,  364
 3559:  894,   52,  364,  364
 3560: 1044, 1045,  384,  385
 3561:   52,  527,  364,  364
 3562: 1035, 1036, 1077,  251
 3563: 1037, 1035,  252,  253
 3564: 1038,  240,  254,  255
 3565:   52,   52,  487,  627
 3566:  628,  629,  630,   52
 3567:  631,   52,   52,   52
 3568:   52,   53,  536,   52
 3569:  689,  262,  357,  263
 3570:  263,  421,  421,  421
 3571:  421,  540,  421,  540
 3572:  169,  198,  531,  198
 3573:  198,  198,  170,  198
 3574:  198,  213,  164,  213
 3575:  196,  567,  207,  567
 3576:  528,  368,   52,  523
 3577:  172,  206,   52,  212
 3578:  364,  364, 1312, 1312
 3579:   52, 1656, 1656, 1661
 3580: 1657, 1657, 1662, 1662
 3581: 1658,  528, 1663, 1658
 3582:  452,  198,  173,  452
 3583:  198,  198,  198,  170
 3584: 1659, 1660, 1664, 1665
 3585:   52, 1659,   52, 1664
 3586: 1660,   52, 1665,   52
 3587:  220,  220, 1312, 1312
 3588: 1666, 1667, 1672, 1673
 3589:  700,  700, 1674,  700
 3590: 1668, 1669, 1668, 1669
 3591:  452,  198,  509,  510
 3592:  198,  198,  534,  198
 3593:  377,   52,  511,  159
 3594: 1670, 1671,  159,  159
 3595:   52, 1670,  159,  159
 3596: 1671,   52,  159,  159
 3597:   52,  219,  159,  159
 3598:  227,  227,  159,  159
 3599:  301,  292,  207,  353
 3600:  313, 1672,  321,  313
 3601: 1673, 1675, 1672, 1678
 3602: 1676, 1677, 1677,   53
 3603:   53,   52,   52, 1659
 3604:  509,  535, 1660,   52
 3605:  165,  165, 1659, 1660
 3606:  165,  165,   52, 1659
 3607:  165,  165, 1660,   52
 3608:   52, 1664,   52, 1670
 3609: 1665,   52, 1671,   52
 3610: 1664, 1665, 1670, 1671
 3611: 1679, 1680, 1685, 1686
 3612: 1681, 1682, 1687, 1688
 3613: 1683, 1684, 1689, 1690
 3614: 1679,  334, 1685,  575
 3615: 1312, 1312,  342,  342
 3616: 1685, 1691, 1685, 1686
 3617: 1692, 1693, 1687, 1688
 3618: 1694, 1695, 1689, 1690
 3619: 1685, 1312, 1685,  342
 3620:  717,  717,  717,  761
 3621:  732,  732,  728,  717
 3622: 1685, 1686, 1685, 1691
 3623: 1685,  732, 1685, 1696
 3624: 1311,  732,  926,  717
 3625:  732,  732,  717,  729
 3626: 1685, 1696, 1685, 1696
 3627:  717,  717,  717,  722
 3628:  722,  711,  711,  733
 3629: 1685, 1686, 1699, 1686
 3630: 1685, 1697, 1699,  807
 3631:  805,  806,  807,  808
 3632:  710,  711,  760,  758
 3633:  730,  711,  758,  758
 3634: 1698,  717,  717,  726
 3635: 1700, 1701,  293,  158
 3636: 1702, 1703,  159,  159
 3637: 1704, 1704,  159,  380
 3638: 1700,  656,  294,  285
 3639:  656,  498,  285,  286
 3640:  159,  159,  452,  198
 3641:  159,  159,  198,  164
 3642:  198,  377,  166,  167
 3643:  450,  536,  537,  538
 3644:  173,  452,   52,  173
 3645:  198,  198,  452,  198
 3646:  164,  172,  511,  380
 3647:   52,  294,  260,  469
 3648: 1705,  357, 1706, 1706
 3649:  357,  357, 1707, 1708
 3650:  357,  357, 1709, 1709
 3651:  357,  357,  198,  901
 3652:  358,  344,  369,  358
 3653:  198,  377,  452,  377
 3654: 1706, 1706,  357,  357
 3655:  901,  171,  198,  198
 3656:  198,  198,  901,  198
 3657:  339,  599,  599, 1710
 3658:  170, 1710, 1710, 1710
 3659: 1710, 1710,  382,  209
 3660: 1710, 1710,  209,  209
 3661: 1710,  382,  209,  387
 3662:  209,  209, 1711, 1711
 3663:  387,  339,  339,  599
 3664:  599, 1710, 1710, 1710
 3665: 1710, 1710,  170, 1710
 3666: 1710,  382,  382,  387
 3667:  220, 1712,  201, 1717
 3668: 1713, 1714,  223,  224
 3669: 1715,  220, 1718,  201
 3670: 1716,  209,  201,  201
 3671:  376,  201,  339,  204
 3672:  201,  339,  204,  390
 3673:  227,  227,   52,  527
 3674:  227,  227,  527,   52
 3675:  227,  204,  158,  163
 3676:  204,  204, 1710, 1710
 3677:  387,  339,  844,  376
 3678:  376,  339,  339,  599
 3679: 1710, 1710,  485,  486
 3680: 1710, 1710, 1719, 1719
 3681: 1710, 1710,  541,  542
 3682:   52,   52,  348,  349
 3683:  527,  527,  350,  350
 3684:   52,   52,  351,  352
 3685:  163, 1710, 1710, 1710
 3686:  540,  494,  540,  544
 3687: 1710, 1710, 1710, 1710
 3688:  490, 1720,  213, 1723
 3689: 1721, 1722, 1724, 1725
 3690:  358,  543, 1726,  544
 3691:  511,  380, 1710,  511
 3692:   52,  348,  380,  354
 3693:  354, 1720, 1720, 1727
 3694: 1721, 1722, 1728, 1729
 3695:  358,  359, 1730,  358
 3696:  352,  169,  359,  169
 3697:  213, 1731,  213, 1739
 3698: 1732, 1733, 1740, 1741
 3699: 1734,  544, 1742,  544
 3700:  511,  206, 1710,  213
 3701:  197, 1735,  197, 1743
 3702: 1736, 1737, 1744, 1745
 3703: 1738,  540, 1746,  540
 3704:  362,  163,  544, 1710
 3705: 1732, 1733, 1747, 1748
 3706:  489, 1749,  199,  200
 3707: 1750, 1751, 1758, 1759
 3708:  387,  383,  339,  599
 3709: 1710, 1710, 1710,  382
 3710: 1710,  489,  209, 1760
 3711:  208, 1752,  200,  201
 3712: 1753, 1754, 1758, 1759
 3713: 1755,  387,  201,  339
 3714:  383, 1710, 1716,  209
 3715:  489, 1749, 1760,  200
 3716: 1756, 1757,  201,  201
 3717:  387,  383,  339, 1716
 3718: 1710, 1710, 1763, 1764
 3719: 1710,  199, 1765, 1710
 3720: 1761, 1762, 1710, 1710
 3721:  599, 1710, 1710,  382
 3722: 1758, 1759, 1758, 1759
 3723:  201,  202,  903,  200
 3724:  376,  201,  339,  903
 3725: 1766, 1767, 1766, 1767
 3726: 1768, 1710, 1768, 1710
 3727:  339, 1769, 1769, 1767
 3728: 1767, 1767, 1767, 1767
 3729: 1770,  903, 1767, 1771
 3730: 1758, 1759, 1772, 1773
 3731:  903, 1769, 1774, 1767
 3732: 1767, 1770, 1767, 1767
 3733:  903,  903, 1767, 1767
 3734: 1769, 1767, 1775, 1776
 3735: 1710, 1710, 1710,  171
 3736: 1768, 1710, 1768,  382
 3737: 1767, 1777, 1767, 1787
 3738: 1778, 1778, 1788, 1788
 3739: 1778, 1779, 1788, 1789
 3740: 1780, 1781, 1790, 1791
 3741: 1782, 1778, 1792, 1788
 3742: 1783, 1767, 1793, 1767
 3743: 1767, 1767, 1767, 1784
 3744: 1784, 1785, 1786,  382
 3745: 1786, 1710,  209,  209
 3746: 1768,  540, 1768,  540
 3747:  494, 1769,  809, 1767
 3748: 1767, 1794, 1767, 1794
 3749: 1795, 1795, 1795, 1795
 3750: 1796, 1767, 1796, 1784
 3751: 1784, 1786, 1797,  382
 3752:  540,  544,  369,  358
 3753:  542, 1710,  543,  542
 3754: 1766, 1767, 1799, 1800
 3755:  809, 1767,  809, 1767
 3756: 1798, 1798, 1798, 1798
 3757: 1796, 1768, 1796, 1801
 3758:  382,  387,  906,  494
 3759: 1710,  369, 1710, 1710
 3760:  358,  543,  369,  358
 3761:  542, 1766,  543, 1766
 3762: 1802, 1803, 1804, 1805
 3763: 1796, 1767, 1796, 1767
 3764:  901, 1710, 1710, 1710
 3765: 1710,  540, 1600,  540
 3766:  544, 1766,  544, 1766
 3767: 1710,  901, 1710, 1710
 3768: 1710,  540,  171,  540
 3769: 1710,  901, 1600, 1710
 3770: 1710,  540, 1710,  540
 3771:  544, 1766,  544, 1812
 3772: 1768,  540, 1797,  540
 3773: 1767, 1806, 1767, 1813
 3774: 1807, 1807, 1814, 1814
 3775: 1807, 1808, 1814, 1815
 3776: 1809, 1809, 1816, 1816
 3777: 1810, 1807, 1817, 1814
 3778: 1811, 1767, 1818, 1767
 3779:  171, 1710, 1710, 1710
 3780:  210, 1710,  208,  210
 3781:  204,  204,  382,  387
 3782:  204,  204,  208,  210
 3783:  204,  227,  511,  380
 3784:  200,  208,  219,  200
 3785:  170,  382, 1710,  540
 3786:  387,  339,  494, 1769
 3787:  200,  208, 1770,  200
 3788: 1710,  377, 1710,  377
 3789:   52,  219,   52,  158
 3790:  230,  197,  213,  197
 3791:  200,  208, 1770,  211
 3792:  210,  511,  197, 1710
 3793:  159,  159, 1710, 1710
 3794:  159,  163, 1710,  485
 3795: 1767,  766, 1767,  766
 3796:  197, 1710,  197, 1710
 3797:  485,  486,  490,  262
 3798: 1719, 1719,  357,  357
 3799: 1719, 1819,  357,  357
 3800:  262,  263,  263, 1710
 3801: 1710,  540,  209,  387
 3802:  809, 1767, 1344, 1767
 3803: 1820, 1767, 1821, 1767
 3804:  197, 1710, 1822, 1710
 3805:  201,  339,  903, 1769
 3806: 1769, 1767, 1767, 1767
 3807: 1767,  766, 1767, 1343
 3808: 1823, 1824,  353,  488
 3809:  489,  208,  199,  200
 3810: 1710, 1710,  208,  209
 3811: 1600, 1710,  209,  209
 3812:  901, 1710,  209,  209
 3813: 1710, 1710,  209,  210
 3814: 1710, 1710, 1710,  901
 3815: 1775, 1825, 1829,  382
 3816: 1826, 1827, 1830, 1831
 3817:  200,  492, 1770,  200
 3818:  210,  199,  208,  209
 3819:  200,  201, 1760,  220
 3820: 1828, 1828,  221,  221
 3821:  201,  208,  220,  200
 3822: 1832, 1767, 1833, 1767
 3823: 1767, 1820, 1767, 1821
 3824:  200,  201, 1770,  903
 3825:  223,  224,  904,  905
 3826: 1834, 1767, 1834, 1767
 3827: 1767, 1767, 1767, 1820
 3828: 1835, 1836, 1837, 1838
 3829:  200,  202, 1770,  211
 3830:  230,  197,  196,  197
 3831: 1767, 1821, 1767, 1767
 3832: 1710, 1710,  210, 1710
 3833: 1767, 1343, 1767, 1770
 3834: 1770,  200, 1767, 1770
 3835:  202,  200,  211,  771
 3836: 1767, 1767, 1820, 1767
 3837:  766,  197,  766,  197
 3838: 1821, 1767, 1767, 1767
 3839:  137,   28,  241,  215
 3840:  154,  222,   52,  190
 3841:  135,  136,  469,  469
 3842:  134,   52,  469,  537
 3843:   52,  173,  538,  536
 3844:  452,  511,  173,  368
 3845:  248,  218,   52,  248
 3846:  536,  523,  538,  528
 3847:  198,  511,  368,  198
 3848:  380,   52,  377,   52
 3849:   52,   54,   54,   54
 3850:  523,  198,  528,  452
 3851:  511,  159,  198,  198
 3852:  380,   52,  511,  159
 3853:   54,   54,  159,  159
 3854:   52,  158,  159,  163
 3855:  380,   54,  511,  159
 3856:   52,   52,  159,  380
 3857:   52,   52,  158,  159
 3858:  540,  347,  369,  358
 3859:  362,  352,  344,  359
 3860:   52,  509,  352,   52
 3861:  535,  165,   52,   52
 3862:  452,  171,  509,  535
 3863:  171,  511,  165,  165
 3864:  163,  198,  165,  165
 3865:  198,  171,  165,  165
 3866:  170,  198,  198,  198
 3867:  198, 1839,  382,  902
 3868: 1839,  540,  902,  387
 3869:  544,  774, 1344,  780
 3870:  370,  350,  737,  737
 3871:  350,  351,  737,  774
 3872:  352,   52,  359,  352
 3873:  113,   52,   52,   53
 3874:  198,  198,  382,  387
 3875:  387,  223,  339,  904
 3876:  224,  339,  905, 1346
 3877: 1834, 1834, 1834, 1834
 3878:  742,  780,  742,  742
 3879:  774,  359,  780,  774
 3880:  352,   52,  538,  450
 3881:  540,  494,  540,  809
 3882:  742,  780,  742,  791
 3883:  774,  469,  799,  262
 3884:  540,  809,  540,  809
 3885:  791,  799,  799,  262
 3886:  171,  369,  198,  198
 3887:  742,  742,  794,  742
 3888:  742,  742,  742,  791
 3889:  369,  358, 1840,  369
 3890:  800,  794,  358,  800
 3891:  262,  263,  263,  265
 3892:  198,  198, 1709, 1709
 3893:  198,  198, 1709, 1840
 3894:  198,  540,  198,  369
 3895:  347,  362,  358,  344
 3896: 1708, 1840,  344, 1708
 3897: 1841, 1359,  357,  357
 3898: 1359, 1359,  357,  357
 3899: 1359, 1842,  357,  357
 3900: 1843, 1706,  262,  357
 3901: 1707, 1708,  358,  344
 3902: 1840,  198, 1708, 1840
 3903:  369,  358,  901,  369
 3904:  344,  538,  358,  549
 3905:  901,  198, 1840,  198
 3906:  198,  268,  198,  213
 3907:  261,  262,  213,  197
 3908:  344, 1708,  347,  544
 3909:  369,  357,  901,  198
 3910:  357,  357,  198,  170
 3911:  209,  209, 1312, 1312
 3912:  220,  221, 1844,  223
 3913:  221,  220,  224, 1844
 3914:  200, 1312,  202,  220
 3915: 1312, 1312,  220,  220
 3916: 1312, 1312,  204,  204
 3917: 1312,  339,  220,  376
 3918:  169,  164,  169,  377
 3919:  172,   52,  527,   52
 3920:  452,  377,  173,  172
 3921: 1845,  228,  242,   52
 3922:  229, 1845,   52,   52
 3923:  200,  201,  219,  204
 3924:  198,  198,  198,  382
 3925:   52,  225,   52,  225
 3926:  225,   52,  225,   52
 3927:   54,   52,  824,  824
 3928:  824,  824,  113,   52
 3929:  331, 1705,  335,  336
 3930:  209,  209,  201, 1312
 3931:   52,  113,  487,  364
 3932:   52,   52,  364,  384
 3933:   52,   52,  385,  364
 3934:  331,  335,  920,  336
 3935: 1840,  540, 1708,  540
 3936:  362, 1846,  362, 1852
 3937: 1847, 1848, 1853, 1854
 3938: 1849, 1850, 1855, 1856
 3939: 1851,  236, 1857,  240
 3940:   52,   52,   52,  819
 3941:   52,  113,  264,  487
 3942:  491,  201,  339,  342
 3943:  201,  388,  342,  916
 3944:  389,  201,  917,  342
 3945:  717,  729,  722,  711
 3946:  544,  540,  544,  540
 3947:  362, 1858,  362, 1521
 3948: 1859, 1860, 1864, 1865
 3949: 1861, 1862, 1866, 1864
 3950: 1863,  240, 1867,  255
 3951:  819,  822,  822,  487
 3952: 1312,  339,  342,  720
 3953:  720,  732,  721,  717
 3954:  732,  918,  717,  717
 3955:  919,  732,  717,  717
 3956:  732,  721,  726,  717
 3957:  717,  722,  740,  735
 3958:  362,   54,  362,   52
 3959: 1868, 1044,   52,   52
 3960: 1045, 1868,   52,   52
 3961:  717,  717,  717,  729
 3962:  717,  740,  729,  726
 3963:  735,  711,  717,  758
 3964:  544,  540,  544,  369
 3965:  362,  352,  358,  359
 3966:   52,   52,  360,   52
 3967:  242,  493,  242,  493
 3968:  722,  711,  711,  711
 3969:  711, 1698,  751,  767
 3970:  544, 1840,  344, 1708
 3971:  359,  352,  358,  359
 3972:  242,  493,  242,  596
 3973:  711,  751,  751,  767
 3974:  767,  772,  772,  736
 3975:  736,  737,  962,  748
 3976:  737,  737,  742,  749
 3977:  737,  774,  742,  780
 3978:  759,  760,  774,  759
 3979:  347,  544,  373,  544
 3980:  540,  362,  540,  362
 3981:  820,  295,   52,  295
 3982:  710,  711,  717,  735
 3983:  711,  711,  711,  751
 3984:  301,  741,  301,  741
 3985: 1834,  742,  742,  749
 3986: 1333,  305, 1333,  305
 3987:  376,  383,  494,  599
 3988:  540,  362,  387,  506
 3989:   52,  295,   52,  286
 3990:  758,  717,  717,  717
 3991:  719,  753,  725,  200
 3992:  757,  749,  753,  756
 3993:  907,  337,  339,  720
 3994:  544,  198,  544,  382
 3995:  627,   52,  629,   52
 3996:  362,  331,  347,  545
 3997:  335,  575,  336,  201
 3998:  915,  364,  201,  201
 3999:  729,  717,  711,  727
 4000:  717,  717,  729,  717
 4001:  347,  387,  347,  494
 4002:   52,  683,   52,  493
 4003:  722,  711,  735,  711
 4004:  711,  733,  711,  711
 4005:  727,  729,  711,  711
 4006:  729,  722,  711,  711
 4007:  711,  727,  711,  711
 4008:  717,  717,  727,  717
 4009:   52,  206,  113,  206
 4010: 1312,  208,  220,  200
 4011:  544,  540,  383,  540
 4012:  201,  202,  204,  200
 4013:  599,  387,  387,  339
 4014:  209,  199, 1312,  208
 4015:  200,  201,  199,  204
 4016:  339,  599,  599,  387
 4017:  199,  200,  208,  199
 4018:  201,  339,  204,  599
 4019:  721,  717,  717,  767
 4020:  293,   52,  113,   52
 4021:  387,  339,  339,  720
 4022:  200,  208,  725,  200
 4023:  729,  724,  711,  727
 4024:  196,  196,  196,  489
 4025:  711,  711,  730,  711
 4026:  727,  717,  751,  717
 4027:  717,  717,  726,  728
 4028:  489,  202,  202,  200
 4029:  711,  751,  758,  717
 4030:  201,  374,  342,  200
 4031: 1869,  206, 1870,  207
 4032:  200,  202,  202,  211
 4033:  724,  732,  740,  717
 4034:  732,  725,  717,  724
 4035:  200,  202,  202,  230
 4036:  211,  196,  196,  196
 4037:  717,  717, 1871, 1871
 4038:  717,  717, 1871,  760
 4039:  211,  196,  301,  196
 4040:  767,  772,  772,  261
 4041: 1872, 1873,  262,  357
 4042: 1873, 1873,  357,  357
 4043: 1874,  759,  358,  344
 4044:  301,  196,  301,  196
 4045:  263,  198,  198,  171
 4046:  901,  198, 1839, 1839
 4047:  344,  759,  358,  344
 4048:  213,  207,  489,  202
 4049:  263, 1600,  171,  382
 4050:  902,  902,  223,  224
 4051:  369,  358,  198,  540
 4052:  344,  759,  347,  305
 4053:  771,  211,  197,  213
 4054:  207,  208,  771,  200
 4055:  373,  305,  844,  305
 4056:  263,  213,  198,  213
 4057:  740,  717,  717,  740
 4058:  810,  219,  567,   52
 4059:  853,  305,  493,  305
 4060:  207,  208,  202,  230
 4061:  210,  213,  197,  213
 4062:  740,  740,  717,  717
 4063: 1600, 1710, 1710, 1710
 4064:  544, 1710,  544, 1710
 4065: 1767, 1875, 1767, 1879
 4066: 1876, 1877, 1880,  210
 4067: 1878, 1767, 1799, 1881
 4068: 1767, 1767, 1767, 1642
 4069: 1333,  809,  907, 1344
 4070: 1710,  540,  382,  387
 4071:  544, 1882, 1344, 1884
 4072:  901,  540, 1882,  540
 4073:  801,  208, 1885,  200
 4074:  210, 1883,  208, 1886
 4075: 1767, 1767,  756,  756
 4076: 1642,  907,  907,  339
 4077: 1710,  382, 1710,  540
 4078: 1769, 1887, 1767, 1888
 4079: 1786,  540, 1710,  540
 4080: 1767, 1768, 1820, 1889
 4081:  809, 1834,  809, 1834
 4082: 1821, 1888, 1887, 1797
 4083:  809, 1767,  809, 1887
 4084: 1888,  901, 1829, 1710
 4085:  809, 1890,  809, 1797
 4086:  387,  339,  339, 1769
 4087:  544,  382,  383,  387
 4088:  540,  546,  540,  347
 4089:  376,  339,  494, 1769
 4090:  540,  347,  540,  544
 4091:  809, 1891,  564,  800
 4092: 1767, 1767, 1891, 1767
 4093: 1767, 1775, 1767, 1801
 4094: 1825, 1877, 1892, 1882
 4095: 1841, 1359,  563,  563
 4096: 1359, 1359,  563,  563
 4097:  793, 1891,  564,  800
 4098: 1825, 1786, 1892, 1893
 4099:  225,   52,  569,   52
 4100:  800, 1891,  564,  800
 4101: 1767, 1894, 1894, 1436
 4102: 1431, 1431, 1437, 1438
 4103: 1431, 1431, 1438, 1438
 4104:  369,  358, 1710,  369
 4105:  359,  360,  358,  359
 4106:   52,  225,   52,   52
 4107:  800, 1891,  564, 1641
 4108: 1767, 1767, 1431, 1431
 4109: 1767, 1894, 1431, 1436
 4110: 1436,  261,  261,  262
 4111:  262,  357,  263, 1710
 4112:  357,  357, 1710, 1710
 4113:  370,  371,  357,  357
 4114:  371,  371,  357,  357
 4115: 1895,  549,  357,  357
 4116: 1438, 1438,  357,  357
 4117: 1438,  689,  357,  357
 4118: 1710,  901,  170, 1710
 4119: 1767, 1767, 1430, 1431
 4120: 1767,  791, 1896,  799
 4121:  766,  197,  262,  263
 4122: 1767, 1430, 1430, 1436
 4123: 1436, 1437,  261,  262
 4124: 1438, 1438,  357,  497
 4125: 1438,  262,  498, 1897
 4126:  263, 1710, 1719, 1719
 4127: 1436,  261,  766,  196
 4128:  262,  263,  197, 1710
 4129: 1710, 1898, 1710, 1710
 4130:  505,  656, 1898, 1899
 4131:  656,  656, 1899, 1899
 4132:  766,  196,  766,  207
 4133:  197, 1710,  208,  210
 4134: 1343,  202, 1770,  200
 4135: 1767, 1767, 1775, 1825
 4136: 1767, 1767, 1877, 1878
 4137:  200,  202, 1770,  200
 4138: 1710, 1710,  901, 1710
 4139: 1767, 1767, 1767, 1887
 4140: 1767, 1767, 1881, 1767
 4141: 1775, 1825, 1801, 1892
 4142: 1829, 1900, 1901, 1902
 4143: 1901, 1799, 1829, 1710
 4144: 1800, 1767, 1766, 1767
 4145: 1767, 1821, 1767, 1784
 4146: 1767, 1767, 1800, 1767
 4147:  210, 1710,  208,  209
 4148: 1710,  901,  209,  209
 4149: 1767, 1888, 1820, 1889
 4150: 1903, 1767, 1799, 1800
 4151: 1775, 1776, 1801, 1904
 4152: 1829, 1710, 1901, 1710
 4153: 1766, 1767, 1799, 1785
 4154: 1767, 1768, 1785, 1786
 4155: 1766, 1767, 1905, 1767
 4156: 1878, 1767, 1902, 1908
 4157: 1767, 1767, 1878, 1820
 4158: 1821, 1906, 1767, 1767
 4159: 1882, 1799, 1801, 1904
 4160: 1877, 1776, 1901, 1710
 4161: 1829, 1710, 1710, 1710
 4162: 1710, 1900, 1710, 1902
 4163: 1764, 1764, 1785, 1785
 4164: 1907, 1767, 1800, 1767
 4165: 1900, 1909, 1910, 1767
 4166: 1910, 1821, 1767, 1767
 4167: 1820, 1784, 1821, 1884
 4168: 1877, 1776, 1764, 1764
 4169: 1911, 1882, 1905, 1912
 4170: 1710, 1763, 1710, 1913
 4171: 1765, 1900, 1912, 1902
 4172: 1764, 1882, 1800, 1801
 4173: 1799, 1785, 1892, 1764
 4174: 1785, 1877, 1764, 1893
 4175: 1878, 1767, 1910, 1767
 4176: 1431, 1431, 1438, 1915
 4177: 1914, 1767, 1641, 1914
 4178: 1825, 1785, 1892, 1764
 4179: 1786, 1911, 1764, 1916
 4180: 1907, 1888, 1767, 1768
 4181: 1911, 1907, 1766, 1767
 4182: 1906, 1882, 1767, 1801
 4183: 1785, 1800, 1882, 1905
 4184: 1767, 1767, 1767, 1430
 4185:  357,  358, 1710,  369
 4186: 1914, 1767, 1641, 1431
 4187: 1767, 1884, 1431, 1431
 4188: 1916, 1767, 1431, 1431
 4189: 1884, 1907, 1431, 1431
 4190: 1430, 1436, 1436,  261
 4191: 1437, 1438,  262,  357
 4192:  541,  542,  358,  543
 4193:  549, 1438,  357,  357
 4194:  261,  262,  357,  263
 4195:  263,  485,  485,  490
 4196:  486, 1719,  262,  357
 4197: 1710, 1710,  542, 1710
 4198:  199,  200, 1710,  199
 4199: 1600, 1710, 1710,  901
 4200:  199,  204, 1710,  382
 4201:  204,  220,  387,  201
 4202:  220,  204,  201,  208
 4203:  204,  204,  210,  171
 4204:  204,  204, 1710,  171
 4205:  204,  204, 1710,  382
 4206:  382,  387,  540,  494
 4207:  339,  204,  599, 1710
 4208:  681,  682, 1710, 1710
 4209:  204,  204, 1710,  519
 4210:  208,  210,  211,  197
 4211: 1710,  901,  901, 1710
 4212:  227,  227,  113,   52
 4213:  227,  227,  257,   52
 4214:  200,  202,  219,  211
 4215:  542, 1710,  543, 1710
 4216:  164,  526,  377,  226
 4217:  206,  197,  206,  197
 4218: 1710,  540, 1719, 1819
 4219:  544, 1917,  344, 1918
 4220: 1710, 1710, 1917, 1710
 4221:  511,  380, 1710,  377
 4222:   52,   52,   52,  218
 4223:  218,  270,  270,   52
 4224:  498,  344,  505,  498
 4225: 1918, 1917,  344, 1918
 4226:  212,  208,  219,  200
 4227:  387,  506,  339,  390
 4228:   52,  527,  113,   52
 4229:  263, 1710, 1710, 1710
 4230: 1898,  513, 1710,  513
 4231:  347,  544,  347,  544
 4232:  390,   52,   52,  113
 4233:  351,  352,  358,  359
 4234: 1710,  513, 1710,  513
 4235:   52,   52,  218,   52
 4236: 1710,  513, 1710,  524
 4237: 1710,  511, 1710, 1710
 4238:   52,  877,   52,  884
 4239:  878,   52,  885,   52
 4240:  382,  387,  387,  376
 4241:  373,  544,  376,  383
 4242: 1710, 1710, 1882, 1710
 4243:   52,   52,  527,   53
 4244:   52,  218,   52,   52
 4245:  339,  339,  376,  339
 4246:  339, 1346, 1346,  742
 4247: 1884, 1882,  742, 1884
 4248:  260,  261,  261,  262
 4249:  357,  357,  171, 1710
 4250:  742, 1430, 1430, 1436
 4251:  766,  197,  261, 1706
 4252:  540,  362, 1706,  344
 4253:   52,  569,  536,   52
 4254:   52,  206,  527,  206
 4255:  262,  357,  263,  171
 4256:  261, 1706,  262,  357
 4257: 1706,  344,  357,  358
 4258:   52,  212,  536,  219
 4259:  748,  749, 1431, 1431
 4260:  742, 1430, 1431, 1436
 4261:  369,  357, 1710, 1710
 4262:  219,  200,  536,  219
 4263: 1710, 1710,  171, 1710
 4264: 1710,  171, 1710, 1710
 4265:  219,  227,  450,  450
 4266:  227,  227,  450,  450
 4267: 1710, 1600, 1710, 1710
 4268: 1710, 1710, 1600, 1710
 4269:  901,  171, 1710, 1710
 4270: 1710,  369,  171, 1710
 4271:   52,  596,   52,  295
 4272:  710,  711,  722,  730
 4273:  711, 1698,  751,  717
 4274:  544,  542,  358, 1919
 4275:  369,  358,  542,  369
 4276:   52,  295,  450, 1705
 4277:  305,  709, 1920,  759
 4278:  735,  711,  717,  735
 4279:  711,  730,  711,  711
 4280:  711,  711,  733,  711
 4281:  711,  751,  751,  717
 4282: 1919,  542,  358, 1919
 4283:  469, 1706,  357,  357
 4284: 1707,  344,  358,  344
 4285:  726,  710,  760,  710
 4286:  730,  711,  711,  730
 4287:  485,  486, 1921,  262
 4288: 1719,  541,  357,  358
 4289:  542,  198, 1919,  198
 4290: 1698,  717, 1698,  717
 4291:  170,  382,  382,  387
 4292:  383,  198,  599,  198
 4293:  730,  711,  711,  711
 4294:  711,  751,  711, 1698
 4295:  387,  339,  494,  599
 4296:  599,  198,  901,  198
 4297:  198,  198,  382,  209
 4298:  198,  199,  209,  209
 4299:  204,  204,  209,  210
 4300:  204,  599,  198,  198
 4301:  730, 1698,  711, 1698
 4302:  544,  198,  544,  198
 4303:  387, 1312,  339,  903
 4304: 1312, 1312,  903,  903
 4305: 1312,  208,  903,  200
 4306:  339,  844, 1346, 1333
 4307:  383,  382,  599,  540
 4308:  387,  339,  494, 1346
 4309: 1922, 1922, 1923, 1924
 4310:  757,  750,  753,  757
 4311:  751,  717,  717,  717
 4312:  809, 1642, 1344, 1333
 4313:  907,  339,  494,  390
 4314: 1925, 1926,   52,   52
 4315:  756,  756, 1312, 1312
 4316:  756,  907, 1312,  339
 4317: 1312,  339,  903, 1346
 4318: 1346, 1333,  749, 1333
 4319:  362,  158,  362,  163
 4320:  227,  903,  163, 1799
 4321:  903,  903, 1800,  742
 4322:  903,  844,  742,  906
 4323:  710,  711,  710,  711
 4324:  383, 1882, 1346, 1884
 4325: 1927, 1927, 1764, 1764
 4326: 1927, 1911, 1764, 1916
 4327: 1916,  742,  748,  742
 4328:  742, 1928,  742, 1929
 4329: 1698,  717,  717,  717
 4330:  742, 1929,  742, 1930
 4331:  758,  717,  805,  928
 4332:  806,  717,  808,  760
 4333:  748,  742,  748,  742
 4334:  742,  743,  742,  742
 4335: 1930,  498,  743, 1930
 4336:  807,  807,  773,  737
 4337:  807,  933,  737,  737
 4338:  736,  737,  962,  742
 4339:  774,  759,  780,  774
 4340:  921,  928,  922,  933
 4341:  768,  807,  736,  737
 4342:  742,  742, 1430, 1431
 4343:  742,  742, 1431, 1431
 4344:  742,  742, 1640,  742
 4345:  744,  744,  742,  742
 4346:  962,  742,  742,  742
 4347: 1436, 1437,  689,  262
 4348: 1438, 1915,  357,  358
 4349: 1641, 1640,  344, 1641
 4350: 1430, 1431, 1436, 1437
 4351: 1431, 1640, 1915, 1641
 4352: 1640,  742, 1641, 1431
 4353:  262,  357,  263,  198
 4354:  364,  384,  201,  388
 4355:  385,  364,  389,  201
 4356:  728,  717,  717,  726
 4357:  263,  213,  485,  213
 4358:  721,  717,  729,  729
 4359: 1921,  262,  489,  208
 4360:  711,  733,  733,  711
 4361:  717,  728,  740,  717
 4362:  717,  740,  726,  717
 4363:  710,  711,  722,  711
 4364:  711,  711,  751,  758
 4365:  711,  711,  758,  735
 4366:  727,  717,  711, 1698
 4367:  301,  196,  301,  207
 4368:  197,  198,  208,  210
 4369:  717,  710,  717,  717
 4370:  711,  711,  735,  711
 4371: 1698,  740, 1698,  717
 4372:  717,  710,  740,  710
 4373:  711, 1698,  711, 1698
 4374:  717,  710,  729,  722
 4375:  733,  711,  711,  711
 4376:  758,  758,  767, 1871
 4377:  772, 1872,  261,  355
 4378: 1873, 1873,  656,  773
 4379: 1873, 1873,  737,  737
 4380: 1873, 1874,  737,  774
 4381:  772,  261,  261,  355
 4382:  355,  770,  770,  775
 4383:  744,  775,  742,  742
 4384:  196,  765,  196,  765
 4385:  742,  742,  742, 1642
 4386: 1642, 1931, 1934, 1935
 4387: 1932, 1933, 1933, 1933
 4388:  742,  742, 1834,  742
 4389:  774,  549,  780,  737
 4390:  807,  807,  737,  737
 4391:  807,  807,  737,  738
 4392:  933,  261,  656, 1936
 4393:  790,  742, 1937,  756
 4394: 1832,  742, 1938,  742
 4395:  742,  742,  742, 1834
 4396: 1933, 1933, 1933, 1933
 4397:  742, 1834,  748,  742
 4398:  748, 1933,  742,  742
 4399:  357,  357,  198,  171
 4400:  357,  358,  901,  369
 4401:  262,  263,  263,  171
 4402: 1939, 1940, 1949, 1950
 4403: 1941, 1939, 1951, 1949
 4404: 1940, 1941, 1950, 1951
 4405: 1941, 1939, 1952, 1953
 4406: 1942, 1943, 1954, 1943
 4407: 1944, 1945, 1955, 1956
 4408: 1946, 1947, 1957, 1958
 4409: 1948, 1946, 1959, 1957
 4410: 1947, 1948, 1958, 1959
 4411: 1960, 1961, 1967, 1968
 4412: 1962, 1960, 1969, 1967
 4413: 1961, 1962, 1968, 1969
 4414: 1963, 1964, 1970, 1965
 4415: 1965, 1965, 1965, 1965
 4416: 1943, 1966, 1971, 1972
 4417: 1940, 1941, 1973, 1974
 4418: 1939, 1940, 1953, 1973
 4419: 1941, 1939, 1974, 1953
 4420: 1948, 1975, 1959, 1983
 4421: 1976, 1965, 1984, 1965
 4422: 1977, 1960, 1985, 1967
 4423: 1963, 1964, 1970, 1986
 4424: 1978, 1979, 1987, 1987
 4425: 1980, 1978, 1987, 1987
 4426: 1979, 1981, 1988, 1965
 4427: 1982, 1979, 1965, 1986
 4428: 1979, 1980, 1987, 1987
 4429: 1940, 1941, 1950, 1952
 4430: 1939, 1942, 1953, 1954
 4431: 1943, 1965, 1965, 1965
 4432: 1976, 1989, 1984, 1989
 4433: 1990, 1991, 1990, 1990
 4434: 1990, 1990, 1990, 1990
 4435: 1992, 1987, 1990, 1990
 4436: 1987, 1993, 1990, 1994
 4437: 1990, 1991, 1990, 1994
 4438: 1961, 1963, 1968, 1970
 4439: 1964, 1965, 1965, 1965
 4440: 1965, 1966, 1965, 2002
 4441: 1940, 1941, 1973, 2003
 4442: 1939, 1995, 1949, 2004
 4443: 1943, 1989, 2005, 2006
 4444: 1996, 1997, 2007, 2008
 4445: 1998, 1990, 2009, 2000
 4446: 1990, 1990, 2000, 2000
 4447: 1999, 2000, 2010, 2011
 4448: 2000, 2001, 1943, 2006
 4449: 2012, 1948, 1958, 1959
 4450: 1975, 1976, 1983, 1984
 4451: 1986, 1987, 1989, 2024
 4452: 2013, 2014, 2025, 2026
 4453: 2015, 2016, 2027, 2028
 4454: 1987, 1988, 2029, 2030
 4455: 1978, 2017, 1988, 2031
 4456: 2018, 1943, 2032, 1943
 4457: 2007, 2008, 2007, 2008
 4458: 2009, 1943, 2009, 1943
 4459: 2019, 2020, 2033, 1957
 4460: 2021, 2022, 1958, 1959
 4461: 2023, 1943, 2034, 1943
 4462: 1942, 1986, 1954, 1989
 4463: 2035, 1990,  527, 2044
 4464: 2036, 2037, 2045, 2046
 4465: 2038, 2039, 2047, 2048
 4466: 1990, 1990, 2049,  527
 4467: 2040, 1944, 2040, 1955
 4468: 2041, 2042, 1981, 1982
 4469: 1976, 1943, 1984, 1943
 4470: 2043, 1940, 2050, 1973
 4471: 1941, 1939, 2003, 1949
 4472: 1942, 1943, 2051, 2005
 4473: 1963, 1964, 2032, 1965
 4474: 1965, 1989, 1965, 1989
 4475:  527, 1990,  527, 1990
 4476: 2052, 2053, 2052, 2057
 4477: 2054, 2055, 2058, 2055
 4478: 1990,  527, 1990,  527
 4479: 2040, 2011, 2040, 1986
 4480: 1986, 1987, 2035, 1990
 4481: 1987, 1988, 1990, 2040
 4482: 2009, 1965, 2009, 1965
 4483: 1965, 2056, 1965, 2011
 4484: 2017, 1960, 1985, 1967
 4485: 1961, 2018, 1968, 2032
 4486: 2023, 1989, 2034, 1989
 4487: 1990, 2059,  218,  218
 4488: 2060, 1990,  218, 1990
 4489: 1990, 1990, 1990, 2061
 4490: 2040, 1989, 2062, 2035
 4491: 1990, 1992, 1990, 1990
 4492: 2007, 2008, 2063, 2064
 4493: 2009, 1988, 2065, 2066
 4494: 1942, 2006, 2004, 2005
 4495: 2067, 1990, 1989, 1990
 4496:  218,  218,  218, 2068
 4497:  218, 1990, 1999, 2000
 4498: 2061, 2062, 2010, 1989
 4499: 2035, 1991, 1990, 1990
 4500: 1999, 2010, 2040, 1971
 4501: 2043, 1940, 1972, 1950
 4502: 1961, 2018, 1968, 1970
 4503: 1989, 1996, 2006, 2007
 4504: 1997, 1998, 2008, 2009
 4505: 2040, 1965, 2010, 1965
 4506: 1965, 1989, 1965, 2006
 4507: 2000, 2000, 1965, 1965
 4508: 2010, 1977, 2011, 1985
 4509: 1986, 1993, 1993, 1990
 4510: 1965, 2007, 1965, 2007
 4511: 2008, 2009, 2008, 2009
 4512: 1971, 1972, 1977, 1960
 4513: 2051, 2005, 1961, 2018
 4514: 2020, 2012, 1957, 1958
 4515: 1976, 2006, 1984, 1943
 4516: 2001, 1990, 2006, 2001
 4517: 2069, 2070, 2071, 2072
 4518: 2031, 1967, 1944, 2041
 4519: 1968, 2032, 2042, 1976
 4520: 1939, 1942, 1949, 2004
 4521: 1943, 1986, 2005, 1989
 4522: 1987, 2073, 1990, 1992
 4523: 2000, 2000, 1987, 1987
 4524: 1955, 1981, 1943, 1943
 4525: 1982, 1984, 2011, 1943
 4526: 2017, 1960, 2031, 1967
 4527: 2018, 1993, 2074, 1990
 4528: 1975, 1976, 1983, 2078
 4529: 1986, 2007, 1993, 2063
 4530: 2008, 2009, 2064, 2065
 4531: 1987, 1987, 1990, 1990
 4532: 2009, 1988, 2065, 1992
 4533: 1965, 1965, 1987, 1988
 4534: 1946, 2075, 1957, 1958
 4535: 1947, 2076, 1958, 1959
 4536: 2077, 1990, 2079, 1990
 4537: 1995, 1989, 2081, 1989
 4538: 1990, 1990, 2082, 2083
 4539: 1990, 2040, 1990, 2040
 4540: 2080, 1990, 2084, 2085
 4541: 1939, 1940, 2086, 2087
 4542: 1941, 1939, 1974, 2086
 4543: 1940, 1941, 2087, 1974
 4544: 1978, 1979, 1987, 1988
 4545: 1980, 2056, 1965, 1965
 4546: 1961, 1963, 1968, 2074
 4547: 2088, 2089, 1990, 1990
 4548: 2090, 2088, 1990, 1990
 4549: 2089, 2090, 1990, 1990
 4550: 2017, 1960, 2091, 1967
 4551: 2075, 1948, 1958, 1959
 4552: 1975, 2092, 2097, 2098
 4553: 2093, 2094, 2099, 2100
 4554: 1990, 2093, 1990, 2099
 4555: 2094, 1990, 2100, 1990
 4556: 2095, 2041, 2101, 2102
 4557: 2042, 2096, 2103, 2104
 4558: 2041, 2042, 2102, 2103
 4559: 2096, 2041, 2104, 2102
 4560: 1998, 2040, 2009, 2107
 4561: 1990, 1990, 1990, 1991
 4562: 1990, 1990, 1990, 2105
 4563: 1990, 1990,  159,  159
 4564: 2105,  159,  163,  164
 4565: 2106, 1990, 2108, 1990
 4566: 2009, 1977, 2009, 1985
 4567: 1961, 2109, 1968, 1970
 4568: 2001, 1990, 1989, 1990
 4569: 1991,  527, 1990, 1991
 4570: 1990, 1990, 2093, 2094
 4571:  527, 1990, 1990, 1990
 4572: 1991, 1990, 1990, 1990
 4573: 1990,  169, 1990, 2111
 4574:  164, 2110, 2108, 1990
 4575: 1990, 1990,   54, 2112
 4576: 1990, 1991, 2113, 2084
 4577: 2009, 1944, 2009, 1955
 4578: 1945, 1946, 1956, 1957
 4579: 1989, 1990, 1993, 1990
 4580: 1990, 1990, 1991, 1990
 4581: 2099, 2100, 1990, 1990
 4582: 2114, 1991, 1990, 1990
 4583: 2114, 1990, 1990, 2112
 4584: 1990, 1990, 2113, 2084
 4585: 1990, 1990, 2116, 2113
 4586: 1999, 2000, 2051, 2117
 4587: 2000, 2000, 1972, 2004
 4588: 2000, 2115, 2005, 1985
 4589: 2009, 1965, 2009, 2118
 4590: 1966, 1940, 2050, 1973
 4591: 1995, 1989, 2119, 2035
 4592: 2114, 1990, 1990, 1990
 4593: 1994, 1990, 1990, 2061
 4594: 1990, 1991, 2000, 2000
 4595: 1990, 1999, 2000, 2010
 4596: 2000, 2115, 1943, 1985
 4597: 2018, 1944, 2032, 1955
 4598: 1965, 1978, 1965, 2118
 4599: 1979, 2120, 1986, 2035
 4600: 2035, 1990, 1990, 2122
 4601: 1990, 2040, 2061, 2010
 4602: 2012, 2022, 1958, 1959
 4603: 2020, 2075, 1957, 1958
 4604: 1975, 2121, 1983, 2123
 4605: 1976, 2019, 1984, 2033
 4606: 2009, 1988, 2065, 2040
 4607: 2118, 1986, 1986, 2035
 4608: 2035, 1990, 1990, 2114
 4609: 1990, 2061, 2061, 2078
 4610: 2000, 2000, 1987, 1988
 4611: 2010, 1965, 1965, 1971
 4612: 1995, 1943, 2081, 1986
 4613: 2011, 2124, 1987, 1988
 4614: 2118, 1966, 1971, 1972
 4615: 1989, 1990, 1989, 1990
 4616: 2078, 2035, 2035, 1990
 4617: 1990, 2030, 1990, 1990
 4618: 1988, 1977, 2040, 1985
 4619: 1963, 1980, 1970, 1986
 4620: 1986, 2035, 2035, 1990
 4621: 2114, 2040, 2061, 2010
 4622: 2040, 1989, 2040, 2006
 4623: 1998, 1996, 2009, 2007
 4624: 2040, 1944, 2010, 1955
 4625: 2010, 1986, 1987, 2035
 4626: 2035, 2125, 1990, 1990
 4627: 2040, 1943, 2040, 2126
 4628: 2009, 2007, 2009, 2007
 4629: 2118, 2118, 1965, 1971
 4630: 1966, 1940, 1972, 1950
 4631: 1995, 1965, 2081, 1986
 4632: 2118, 1986, 1987, 2035
 4633: 1987, 2035, 1990, 1990
 4634: 1990, 1991, 1990, 2112
 4635: 1999, 2010, 2113, 2051
 4636: 1965, 1966, 2117, 1972
 4637: 1990, 2061, 2113, 2004
 4638: 2010, 1943, 2005, 2118
 4639: 1965, 1977, 1965, 2031
 4640: 1990, 2061, 2061, 2010
 4641: 2000, 2115, 2118, 1985
 4642: 1990, 2115, 2061, 2031
 4643: 2018, 2118, 1970, 2126
 4644: 1965, 1944, 1965, 1955
 4645: 2040, 2019, 2040, 2033
 4646: 1976, 2126, 2078, 1987
 4647: 2009, 2007, 2065, 2063
 4648: 1987, 1993, 1990, 1990
 4649: 1990, 1991, 1991, 1990
 4650: 1990, 1999, 1990, 2040
 4651: 2010, 2043, 1971, 1972
 4652: 2127,  200,  198, 2127
 4653: 2127,  211,  198,  213
 4654:   52,  242,  269,  242
 4655:  539,  237,  539,  243
 4656:  239,  242,  247,  242
 4657:   52,   52,   52,  269
 4658:  539,  249,  539,   52
 4659:  250, 1865,   52, 1044
 4660: 1866,  253, 1045,   52
 4661:  254,  242,   52,  264
 4662:   54,   52,   52,  256
 4663:   52,  218,  269,  218
 4664: 2128, 2128, 2135, 2135
 4665: 2128, 2128, 2135, 2129
 4666: 2129, 2130, 2142,  279
 4667: 2131, 2128, 2143, 2131
 4668: 2128, 2132, 2135, 2144
 4669: 2133, 2133, 2133, 2133
 4670: 2134, 2128, 2145, 2135
 4671: 2135, 2129, 2129, 2142
 4672: 2136, 2136,  279,  279
 4673: 2136, 2136,  279, 2143
 4674: 2130, 2130, 2136, 2136
 4675: 2131, 2128, 2136, 2131
 4676: 2137, 2138, 2144, 2145
 4677: 2139, 2140, 2146, 2147
 4678: 2140, 2140, 2140, 2140
 4679: 2141, 2128, 2140, 2148
 4680: 2128, 2129, 2129, 2154
 4681: 2130, 2142,  291,  292
 4682:  286, 2143,  294,  286
 4683: 2149, 2149, 2129, 2130
 4684: 2128, 2129, 2130, 2142
 4685: 2142,  284,  284,  293
 4686: 2143, 2136,  295,  296
 4687: 2136, 2136, 2155, 2136
 4688: 2150, 2128, 2150, 2135
 4689: 2128, 2151, 2135, 2135
 4690: 2147, 2140, 2151, 2156
 4691: 2152, 2153, 2157, 2135
 4692: 2158, 2159, 2162, 2159
 4693: 2160, 2160, 2163, 2163
 4694:  295,  305, 2164,  312
 4695: 2161, 2136,  312,  312
 4696: 2131, 2128,  312,  312
 4697: 2128, 2128,  312,  312
 4698: 2136, 2159, 2136, 2159
 4699: 2165, 2166, 2169, 2170
 4700: 2167, 2167, 2171, 2172
 4701: 2167, 2168, 2172, 2173
 4702: 2168, 2168, 2173, 2173
 4703: 2158, 2174, 2180, 2158
 4704:  330,  200, 2174,  330
 4705: 2161, 2175, 2161, 2136
 4706: 2176, 2177, 2130, 2131
 4707: 2177, 2177, 2135, 2144
 4708: 2178, 2178, 2133, 2133
 4709: 2178, 2179, 2145, 2135
 4710: 2180, 2162, 2175, 2158
 4711: 2136, 2174, 2136, 2136
 4712:  320, 2181,  200,  201
 4713: 2181, 2181,  201,  201
 4714: 2181,  336,  201,  339
 4715:  339,  340,  340, 2182
 4716: 2182, 2136, 2136, 2183
 4717: 2136, 2183, 2185, 2176
 4718: 2184, 2128, 2135, 2129
 4719: 2149, 2149, 2130, 2130
 4720: 2128, 2129, 2130, 2136
 4721: 2155, 2175,  296, 2155
 4722: 2186, 2186, 2131, 2135
 4723: 2158, 2174, 2187, 2158
 4724:  330,  342, 2174, 2188
 4725:  342,  342, 2188, 2188
 4726:  342,  340, 2188, 2182
 4727: 2182, 2136, 2136, 2136
 4728: 2183, 2180, 2175, 2162
 4729: 2176, 2128, 2130, 2130
 4730: 2129, 2136, 2136, 2142
 4731: 2142,  279,  284,  285
 4732: 2155, 2131,  296, 2155
 4733: 2128, 2187, 2131, 2135
 4734: 2185, 2158, 2187, 2191
 4735: 2183, 2186, 2176, 2128
 4736: 2186, 2186, 2128, 2128
 4737: 2158, 2136, 2129, 2136
 4738: 2136, 2142, 2142,  284
 4739: 2189, 2190, 2192, 2193
 4740: 2155, 2131, 2161, 2136
 4741: 2135, 2135, 2130, 2130
 4742: 2135, 2129, 2130, 2136
 4743: 2154,  291, 2159,  301
 4744:  313,   52, 2194,  364
 4745:  491,  201,  339,  204
 4746:  201,  374,  204,  200
 4747:  491,  339,  339,  599
 4748:  599,  164,  164,  172
 4749:  452,  421,  173,  452
 4750:  421,  199,  421,  421
 4751:  204,  204,  421,  421
 4752:  599,  421,  421,  421
 4753:  334,  313, 2181, 2194
 4754:  331,  313, 2196,  321
 4755:  219,  204,   52,  169
 4756:  511,  380,  421,  511
 4757:  158, 2195, 2195,  421
 4758:  421,  421,  421,  421
 4759:  164,  165,  172,   52
 4760:  165,  452,   52,  173
 4761:  321,  334,  353, 2181
 4762:  334,  334, 2181, 2181
 4763: 2128, 2197, 2135, 2129
 4764: 2154, 2142, 2159,  292
 4765: 2198, 2199, 2198, 2213
 4766: 2200, 2201, 2214, 2208
 4767: 2202, 2201, 2215, 2208
 4768: 2203, 2204, 2203, 2208
 4769: 2205, 2206, 2203, 2201
 4770: 2205, 2206, 2203, 2208
 4771: 2207, 2208, 2203, 2208
 4772: 2203, 2209, 2203, 2216
 4773: 2203, 2210, 2203, 2217
 4774: 2211, 2212, 2218, 2212
 4775: 2143, 2155,  295, 2161
 4776: 2136, 2136, 2183, 2185
 4777: 2136, 2136, 2158, 2136
 4778: 2128, 2128, 2135, 2197
 4779: 2129, 2136, 2136, 2154
 4780: 2159,  292, 2142,  284
 4781: 2219, 2220,   52, 2232
 4782: 2221, 2208, 2233, 2225
 4783: 2202, 2208, 2208, 2208
 4784: 2222, 2223, 2203, 2234
 4785: 2224, 2225, 2235, 2235
 4786: 2226, 2227, 2235, 2235
 4787: 2228, 2201, 2236, 2208
 4788: 2203, 2209, 2203, 2203
 4789: 2203, 2229, 2226, 2237
 4790: 2230, 2231, 2238,   52
 4791:  295, 2161,  295, 2161
 4792: 2150, 2187, 2131, 2135
 4793: 2180, 2158, 2187, 2162
 4794: 2128, 2129,  312,  312
 4795: 2154,  291, 2249, 2249
 4796:  292, 2160, 2250, 2163
 4797:   52, 2239,   52, 2251
 4798: 2240, 2241, 2252, 2253
 4799: 2225, 2208, 2241, 2254
 4800: 2203, 2242, 2224, 2255
 4801: 2243, 2244, 2256, 2257
 4802: 2245, 2242, 2258, 2255
 4803: 2243, 2208, 2256, 2227
 4804: 2222, 2226, 2226, 2246
 4805: 2246, 2247, 2259, 2260
 4806: 2248,   52, 2261,   52
 4807: 2143, 2130,  286, 2143
 4808: 2130, 2136, 2136, 2136
 4809: 2166, 2167, 2173, 2173
 4810: 2167, 2166, 2274, 2275
 4811: 2262, 2160, 2276, 2163
 4812:   52, 2251,   52, 2277
 4813: 2263, 2264, 2278, 2264
 4814: 2253, 2241, 2264, 2279
 4815: 2265, 2265, 2280, 2280
 4816: 2266, 2267, 2280, 2281
 4817: 2268, 2269, 2282, 2280
 4818: 2270, 2270, 2280, 2280
 4819: 2246, 2271, 2283, 2272
 4820: 2272, 2273, 2272, 2284
 4821: 2261,   52, 2285,   52
 4822: 2128, 2129, 2129, 2136
 4823: 2159,  301, 2159,  451
 4824:   52, 2286,   52,   52
 4825: 2287, 2288, 2298, 2299
 4826: 2264, 2289, 2288,  453
 4827: 2290, 2291,  467, 2242
 4828: 2291, 2292, 2243, 2300
 4829: 2290, 2291, 2301, 2242
 4830: 2291, 2292, 2243,  453
 4831: 2293, 2294,  467, 2295
 4832: 2295, 2296, 2302, 2303
 4833: 2297,   52,   52,  256
 4834: 2136, 2136, 2136, 2142
 4835:   52, 2298,   52,   52
 4836: 2304, 2305, 2286, 2310
 4837: 2306, 2255, 2311, 2312
 4838: 2256, 2288, 2312, 2312
 4839: 2295, 2255, 2312, 2312
 4840: 2256, 2307, 2312, 2313
 4841: 2308, 2309, 2310, 2297
 4842: 2303,   52,   52,   52
 4843: 2196,  488,  201,  492
 4844: 1921,  262,  213,  197
 4845:  495,  499, 2195,  164
 4846:  421,  533,  533,  172
 4847:  368,  199,  173,  368
 4848:  200,  374,  199,  200
 4849:   52,  173,   54,   52
 4850:  198,  199,  421,  421
 4851:  204,  390,  377,   52
 4852:  526,   52,   52,   54
 4853:  159,  380,  421,  377
 4854:  377,   52,  172,   52
 4855:  512,   52,  518,   52
 4856:  507, 2195,  514,  533
 4857:   54,   52,   52,  495
 4858:   52,  158,  499, 2195
 4859: 2195,  519,  164,  526
 4860:  334,  313, 2181,  321
 4861:  159, 2195,  165,  166
 4862:  331,  334, 2196, 2181
 4863: 2131, 2128, 2136, 2130
 4864: 2128, 2128, 2131, 2177
 4865: 2151, 2147, 2128, 2151
 4866: 2140, 2152, 2156, 2157
 4867: 2153, 2128, 2128, 2128
 4868: 2128, 2314, 2139, 2140
 4869: 2315, 2141, 2140, 2140
 4870: 2135, 2314, 2315, 2140
 4871: 2140, 2141, 2140, 2140
 4872: 2128, 2128, 2141, 2128
 4873: 2128, 2128, 2128, 2128
 4874: 2128, 2128, 2197, 2130
 4875: 2129, 2136, 2136, 2136
 4876: 2136, 2136, 2136, 2136
 4877: 2183, 2128, 2176, 2128
 4878: 2316, 2178, 2128, 2133
 4879: 2178, 2178, 2318, 2133
 4880: 2178, 2138, 2133, 2145
 4881: 2146, 2147, 2177, 2151
 4882: 2140, 2140, 2156, 2156
 4883: 2140, 2140, 2147, 2140
 4884: 2140, 2140, 2152, 2147
 4885: 2140, 2148, 2140, 2148
 4886: 2177, 2177, 2128, 2128
 4887: 2317, 2158, 2128, 2187
 4888: 2175, 2176, 2136, 2130
 4889: 2129, 2131, 2136, 2136
 4890: 2135, 2132, 2131, 2320
 4891: 2319, 2134, 2321, 2322
 4892: 2149, 2177, 2129, 2131
 4893: 2151, 2156, 2128, 2128
 4894: 2157, 2151, 2128, 2128
 4895: 2147, 2140, 2151, 2147
 4896: 2177, 2177, 2141, 2128
 4897: 2187, 2186, 2128, 2128
 4898: 2186, 2185, 2128, 2187
 4899:  279, 2143,  285,  286
 4900: 2136, 2131, 2143, 2136
 4901: 2177, 2129, 2130, 2136
 4902: 2131, 2177, 2136, 2150
 4903: 2177, 2177, 2197, 2131
 4904: 2177, 2151, 2137, 2319
 4905: 2156, 2147, 2138, 2151
 4906: 2140, 2140, 2156, 2147
 4907: 2140, 2148, 2152, 2153
 4908: 2177, 2177, 2128, 2129
 4909: 2177, 2177, 2131, 2129
 4910: 2177, 2128, 2130, 2130
 4911: 2143, 2131,  286, 2143
 4912: 2317, 2158, 2131, 2187
 4913: 2150, 2177, 2184, 2128
 4914: 2177, 2177, 2178, 2128
 4915: 2144, 2133, 2128, 2149
 4916: 2145, 2177, 2128, 2128
 4917: 2177, 2151, 2128, 2128
 4918: 2157, 2177, 2128, 2129
 4919: 2129, 2142, 2142,  284
 4920:  294,  295, 2160,  295
 4921:  296, 2150,  305, 2184
 4922: 2149, 2177, 2128, 2128
 4923: 2197,  291, 2317,  301
 4924:  292,  293,  292, 2160
 4925: 2163, 2323, 2160, 2165
 4926: 2249,  312, 2166, 2167
 4927:  312,  312, 2167, 2167
 4928:  312, 2249, 2167, 2166
 4929: 2250, 2163, 2262, 2160
 4930:  358, 1919,  540,  544
 4931: 2163,  295,  331,  295
 4932: 2324, 2325,  305, 2161
 4933: 2326, 2326, 2150, 2128
 4934: 2326, 2327, 2128, 2314
 4935: 2326, 2326, 2315, 2141
 4936: 2326, 2326, 2128, 2128
 4937: 2326, 2326, 2128, 2129
 4938: 2274, 2275, 2159,  301
 4939: 2276, 2163,  292,   52
 4940:  331,  334,  335, 2181
 4941:  337, 2161,  340, 2182
 4942: 2148, 2197, 2141, 2317
 4943: 2130, 2136, 2158, 2136
 4944: 2159,  301, 2159,  319
 4945: 2150, 2151, 2184, 2128
 4946: 2140, 2148, 2156, 2153
 4947: 2187, 2158, 2177, 2187
 4948: 2174,  330, 2158, 2174
 4949:  340, 2188, 2161, 2136
 4950: 2188, 2188, 2136, 2136
 4951: 2175, 2176, 2183, 2184
 4952: 2316, 2316, 2128, 2128
 4953: 2187, 2158, 2317, 2180
 4954: 2161, 2136, 2161, 2136
 4955: 2136, 2183, 2183, 2176
 4956: 2176, 2316, 2128, 2128
 4957: 2316, 2316, 2128, 2129
 4958: 2316, 2316, 2131, 2128
 4959: 2316, 2314, 2139, 2140
 4960: 2141, 2316, 2140, 2148
 4961: 2316, 2187, 2128, 2128
 4962: 2174,  330, 2136, 2159
 4963: 2183, 2185, 2175, 2176
 4964: 2197, 2136, 2317, 2158
 4965: 2136, 2150, 2183, 2184
 4966: 2146, 2147, 2128, 2151
 4967: 2152, 2153, 2157, 2197
 4968: 2129, 2130, 2136, 2136
 4969:  296, 2155,  198,  198
 4970: 2136, 2136,  198,  198
 4971: 2136, 2131,  198,  198
 4972: 2316, 2316,  198,  198
 4973: 2135, 2187,  198,  198
 4974: 2176, 2135,  198,  198
 4975: 2316, 2317,  198,  198
 4976: 2158, 2136,  198,  198
 4977: 2136, 2159,  198,  198
 4978: 2136, 2136, 2136, 2183
 4979: 2136, 2136, 2185, 2186
 4980: 2183, 2176, 2176, 2128
 4981: 2152, 2153, 2157, 2129
 4982: 2129, 2131, 2142,  279
 4983: 2129, 2130,  279,  279
 4984: 2130, 2131,  279, 2143
 4985: 2149, 2132, 2131, 2320
 4986: 2134, 2146, 2322, 2135
 4987: 2147, 2152, 2151, 2157
 4988: 2156, 2157, 2129, 2130
 4989: 2149, 2149, 2131, 2129
 4990: 2128, 2128, 2131, 2128
 4991: 2187, 2158, 2128, 2187
 4992: 2136, 2175, 2136, 2136
 4993: 2176, 2128, 2131, 2129
 4994: 2128, 2129, 2197, 2154
 4995:  285,  285, 2328, 2329
 4996: 2143, 2130,  295,  296
 4997: 2131, 2128, 2155, 2131
 4998: 2128, 2129, 2129, 2142
 4999: 2158, 2136, 2180, 2158
 5000: 2197, 2159, 2129, 2159
 5001: 2330, 2331,   52,   52
 5002: 2161, 2154, 2161, 2159
 5003: 2136, 2130, 2143, 2136
 5004: 2187, 2191, 2130, 2130
 5005: 2185, 2185, 2175, 2176
 5006: 2176, 2197, 2135, 2317
 5007: 2136, 2159, 2158, 2174
 5008:  321,  334,  320, 2181
 5009: 2161, 2159, 2161, 2159
 5010: 2131, 2128, 2136, 2150
 5011: 2197, 2136, 2317, 2185
 5012:  320, 2194,  200,  201
 5013: 2196,  336,  201,  339
 5014: 2182, 2142, 2142,  284
 5015: 2143, 2130,  286,  279
 5016: 2130, 2175,  279,  279
 5017: 2332, 2158, 2143, 2175
 5018: 2174, 2188, 2185, 2185
 5019: 2188, 2188, 2186, 2158
 5020:  330,  342, 2174, 2182
 5021:  342,  340, 2174, 2182
 5022: 2175, 2176, 2143, 2131
 5023: 2128, 2187, 2135, 2135
 5024: 2158, 2136, 2187, 2333
 5025: 2130, 2130,  279,  279
 5026: 2130, 2136,  279,  279
 5027: 2159,  451,  279,  284
 5028:   52,  294,   53,   52
 5029:  334,  554, 2181,  555
 5030:  376,  292,  339,  556
 5031:  376,  557,  339,  220
 5032:  558,  558,  679,  560
 5033:  292,  334,  556, 2181
 5034: 2175, 2176, 2136, 2131
 5035: 2128, 2146, 2316, 2135
 5036: 2153, 2132, 2135, 2320
 5037: 2133, 2134, 2321, 2322
 5038: 2132, 2319, 2320, 2321
 5039: 2134, 2128, 2322, 2335
 5040: 2151, 2156, 2335, 2335
 5041: 2157, 2187, 2335, 2129
 5042: 2186, 2176, 2130, 2131
 5043: 2316, 2151, 2335, 2335
 5044: 2334, 2147, 2151, 2336
 5045: 2187, 2185, 2128, 2187
 5046: 2158, 2136, 2162, 2136
 5047: 2131, 2129,  279,  279
 5048: 2128, 2128, 2131, 2129
 5049: 2129, 2130, 2136, 2142
 5050: 2150, 2128, 2184, 2128
 5051: 2143, 2136,  286, 2143
 5052: 2128, 2128, 2130, 2131
 5053: 2128, 2151, 2128, 2128
 5054: 2156, 2156, 2128, 2197
 5055:  293,   53,   52,   52
 5056:   52,  527,   52,  569
 5057:  569,   52,  527,   52
 5058: 2130, 2131, 2143, 2155
 5059: 2128, 2317, 2131, 2128
 5060: 2337, 2338, 2339, 2340
 5061: 2155, 2150, 2161, 2131
 5062:   53,   52,   52,  256
 5063:  468,  469,  355,  656
 5064: 2341, 2342,  656,  656
 5065:  469,  537,  656,  498
 5066:   53,   52,  536,   52
 5067:  261,  355,  196,  292
 5068:  498,  344,  295,  347
 5069:  538,   52,  362,   52
 5070: 2182, 2136, 2183, 2185
 5071:  196,  924,  196,  567
 5072:   52,   52, 2343, 2344
 5073:  683,  347,  493,  347
 5074: 2161, 2183, 2161, 2175
 5075: 2180, 2176, 2176, 2316
 5076:  569,   52,  569,   52
 5077: 2345, 2346, 2347, 2348
 5078:  491,  373,  339,  376
 5079: 2130, 2131, 2155, 2136
 5080:   52,  219,   52, 2353
 5081: 2349, 2350, 2354, 2355
 5082:  200, 1828,  202, 2356
 5083: 1828, 1828, 2357, 2358
 5084: 1828,  339, 2359,  376
 5085: 2351, 2352, 2360, 2354
 5086:  390,   52, 2361,   52
 5087:  296, 2155,  305, 2161
 5088: 2188,  330, 2136, 2174
 5089:   52, 2362,   52,   52
 5090: 2363, 2364,   52,   52
 5091:  200, 2365,  219, 2371
 5092: 2366, 2367, 2372, 2373
 5093: 2368,  339, 2374,  390
 5094: 2369, 2363,   52,   52
 5095: 2370,   52,   52,   52
 5096:   52, 2375,   52,   52
 5097: 2376, 2377,   52,   52
 5098: 2378,   52,   52,   52
 5099: 2158, 2136, 2187, 2185
 5100:  494,  340,  305, 2161
 5101: 2128, 2187, 2128, 2197
 5102: 2162, 2136, 2136, 2136
 5103: 2174,  330, 2136, 2174
 5104:  305, 2161,  337, 2161
 5105: 2175, 2176, 2136, 2150
 5106: 2177, 2178, 2137, 2133
 5107: 2128, 2317, 2128, 2128
 5108: 2158, 2136, 2187, 2186
 5109: 2136, 2136, 2186, 2158
 5110: 2188, 2188, 2183, 2186
 5111:  340, 2182, 2182, 2136
 5112: 2144, 2321, 2128, 2314
 5113: 2177, 2178, 2137, 2318
 5114: 2179, 2187, 2138, 2128
 5115: 2185, 2185, 2187, 2176
 5116: 2186, 2185, 2316, 2187
 5117: 2185, 2158, 2162, 2175
 5118: 2183, 2185, 2191, 2176
 5119: 2176, 2316, 2177, 2178
 5120: 2316, 2187, 2178, 2179
 5121:  340, 2182, 2182, 2183
 5122: 2176, 2128, 2128, 2128
 5123: 1963, 1964, 2032, 2011
 5124: 1965, 1989, 1943, 2006
 5125: 2122, 1990, 2067, 1990
 5126: 1990, 1990, 2382, 1990
 5127: 2379, 1990, 1990, 1990
 5128: 2380, 2381, 2383, 2384
 5129: 2061, 2010, 2010, 1943
 5130: 1961, 2109, 1968, 2074
 5131: 2112, 2113, 2115, 1960
 5132: 2023, 2118, 2034, 1965
 5133: 2006, 2000, 2126, 2118
 5134: 2000, 2000, 2011, 2118
 5135: 2067, 1990, 2006, 2000
 5136: 1990, 1990, 2067, 1990
 5137: 1975, 2096, 2097, 2104
 5138: 2041, 2042, 2386, 2387
 5139: 2042, 2092, 2103, 2098
 5140: 2385, 1967, 2095, 2041
 5141: 1987, 1987,   54, 1990
 5142: 1987, 1988, 1990, 2030
 5143: 2118, 2118, 1988, 2126
 5144: 2126, 2126, 2011, 2124
 5145: 2006, 2000, 2011, 2126
 5146: 2000, 2010, 2126, 2126
 5147: 2080, 1990, 2067, 1990
 5148: 2101, 2102, 1990, 1990
 5149: 1963, 1964, 2032, 1943
 5150: 1986, 1993, 2006, 2001
 5151: 2030, 1987, 1990, 1990
 5152: 2126, 2056, 2126, 1986
 5153: 1979, 1964, 1987, 1987
 5154: 1989, 1990, 2035, 1990
 5155: 1990, 1990, 2061, 2000
 5156: 1990, 1996, 2000, 2007
 5157: 1990, 2122, 1990, 1990
 5158: 1990, 1990, 1990, 1999
 5159: 1990, 1990, 2000, 2001
 5160: 1990, 1990, 1990, 2122
 5161: 1990, 2040, 1990, 2030
 5162: 2011, 1989, 2390, 2035
 5163: 2388, 2389, 2391, 1957
 5164: 2023, 2007, 2034, 2007
 5165: 1942, 2006, 2004, 2117
 5166: 2000, 2000, 1972, 2051
 5167: 2000, 2010, 2005, 1943
 5168: 2118, 1989, 1943, 2006
 5169: 2392, 1996, 2392, 2007
 5170: 1990, 1990, 2067, 2112
 5171: 2393, 1940, 2113, 1950
 5172: 1942, 2007, 2081, 2007
 5173: 2018, 1943, 1970, 1943
 5174: 2011, 2007, 1965, 2007
 5175: 1965, 2115, 1965, 2031
 5176: 1963, 1964, 1970, 1943
 5177: 1943, 2007, 1943, 2007
 5178: 1946, 2012, 1957, 1958
 5179: 1976, 2126, 1984, 2011
 5180: 2126, 2118, 2124, 1986
 5181: 1965, 2007, 1988, 2007
 5182: 1976, 1986, 1984, 1989
 5183: 1987, 2007, 1990, 2063
 5184: 1939, 1995, 1953, 2081
 5185: 2118, 1943, 1986, 1987
 5186: 1943, 1989, 1987, 1993
 5187: 2063, 2064, 2394, 2122
 5188: 2065, 2063, 2379, 1990
 5189: 2064, 2065, 1994, 2382
 5190: 2040, 2007, 2040, 2007
 5191: 1965, 2011, 1965, 1971
 5192: 1965, 1965, 1972, 2004
 5193: 2011, 1989, 2117, 1972
 5194: 1990, 1990, 2084, 2085
 5195: 1964, 1986, 1943, 1989
 5196: 1993, 1990, 1990, 1990
 5197:   54, 1990, 1990, 1990
 5198: 1990, 2112, 1999, 2115
 5199: 2113, 2084, 1960, 1961
 5200: 2085, 1999, 1963, 2010
 5201: 2010, 2007, 1965, 2007
 5202: 1943, 1989, 1943, 1989
 5203: 2394, 2382, 2379, 1994
 5204: 1990, 1999, 1999, 2010
 5205: 2010, 2031, 1965, 1944
 5206: 1967, 1968, 2041, 2042
 5207: 1970, 1965, 1976, 1965
 5208: 2121, 1945, 2123, 1956
 5209: 1946, 2021, 1957, 1958
 5210: 2076, 2389, 1959, 1957
 5211: 1995, 1943, 2004, 2005
 5212: 1992, 1988, 1990, 1992
 5213: 1965, 1955, 1987, 1987
 5214: 1981, 1982, 1987, 1987
 5215: 1984, 1986, 1987, 1993
 5216: 1988, 2011, 1988, 1986
 5217: 2011, 2124, 1987, 1987
 5218: 1943, 2043, 1988, 2050
 5219: 1961, 2018, 1968, 2074
 5220: 1991,   54, 2000, 2000
 5221: 1990, 1991, 2067, 2061
 5222: 2040, 1989, 2078, 2035
 5223: 2030, 1988, 1990, 2030
 5224: 1999, 2010, 2040, 1943
 5225: 2022, 2023, 1959, 2034
 5226: 2006, 2078, 1986, 2035
 5227: 2035, 1991, 1990, 2394
 5228: 1991, 1990, 1990, 2122
 5229: 1990, 1990, 1990, 1994
 5230:   54,  527, 1990,   54
 5231: 2379, 1990,  527, 1994
 5232: 2080, 2122, 2084, 2085
 5233: 1990, 1994, 2112, 2113
 5234: 1999, 2000, 2004, 2117
 5235: 2010, 2011, 1972, 2004
 5236: 2043, 1940, 2005, 1973
 5237: 1939, 1942, 1949, 2051
 5238: 2006, 2001, 2117, 1972
 5239:   54, 2394, 2084, 2085
 5240: 2394, 1990, 2112, 2113
 5241: 2061, 2000, 2004, 2005
 5242: 2000, 2000, 2118, 1971
 5243: 2115, 1960, 2091, 1967
 5244: 2018, 2056, 2032, 2118
 5245: 2126, 1977, 1965, 1985
 5246: 2004, 2005, 1961, 2018
 5247: 2126, 2126, 1988, 1986
 5248: 1990,   54, 1990,   54
 5249: 1990, 2040, 2000, 2010
 5250: 1968, 2074, 2042, 2092
 5251: 2066, 2395, 2066, 1989
 5252: 2084, 2085, 1961, 2109
 5253: 1990,   54, 1990, 1990
 5254:   54,   54, 2093, 2094
 5255: 2103, 2098, 1990, 2061
 5256: 2040, 2395, 2010, 1989
 5257: 1990, 2061, 1990, 2040
 5258: 2082, 2083, 2380, 2381
 5259: 2061, 2010, 2010, 1986
 5260: 1955, 1981, 1986, 1987
 5261: 1982, 2396, 1987, 2035
 5262: 1990, 1990, 1990,  527
 5263: 2383, 2384, 1990, 1990
 5264: 2126, 2056, 2126, 2126
 5265: 2066, 1986, 2010, 2395
 5266: 2035, 1990, 2105,  159
 5267: 1990, 1990, 2397, 2388
 5268: 1991, 1990, 2389, 2012
 5269: 1990, 1990, 2076, 2077
 5270: 2126, 2126, 2126, 2126
 5271: 1944, 2041, 1955, 1981
 5272: 2042, 2121, 1982, 2123
 5273: 1985, 1967, 1944, 1945
 5274: 1968, 2032, 1946, 2021
 5275: 2000, 2010, 2022, 2023
 5276: 1965, 2395, 1986, 1993
 5277:  169,  171, 2398,  535
 5278:  377, 2391, 2110, 2393
 5279: 1957, 1958, 1940, 1941
 5280: 1959, 2079, 1939, 2080
 5281: 1990, 2069,   54, 2071
 5282: 2070, 1992, 2072, 1990
 5283: 1955, 1956, 1965, 1966
 5284: 1959, 2034, 1939, 1942
 5285: 2395, 2069, 2395, 2071
 5286: 2070, 1990, 2072, 1999
 5287: 1950, 1951, 1961, 1962
 5288: 1949, 2084, 1960, 1961
 5289: 2116, 2113, 1962, 1960
 5290: 2084, 2116, 1961, 1962
 5291: 2085, 1990, 2109, 1990
 5292: 1988, 2056, 1992, 1988
 5293: 1988, 2002, 2030, 1988
 5294: 1973, 1974, 2399, 1979
 5295: 1953, 2081, 2400, 1965
 5296: 2006, 2001, 2126, 2395
 5297: 1968, 1969, 1946, 1947
 5298: 1967, 1968, 1948, 1975
 5299: 1969, 1967, 2121, 2041
 5300: 1968, 1969, 2042, 2121
 5301: 1970, 2001, 1976, 1989
 5302: 2126, 2126, 1965, 2126
 5303: 2126, 2395, 1965, 1989
 5304: 1955, 1956, 1988, 1966
 5305: 1959, 1983, 1939, 1995
 5306: 2123, 1981, 2011, 1986
 5307: 1982, 2123, 1987, 1987
 5308: 2078, 2035, 1993, 1990
 5309: 1990, 1990, 1990, 2112
 5310: 1990, 2040, 2113, 2051
 5311: 2118, 1966, 2117, 1972
 5312: 1999, 2010, 2040, 1965
 5313: 2011, 2124, 2126, 1986
 5314: 1965, 1986, 1987, 2035
 5315: 1987, 2035, 2122, 1994
 5316: 2040, 2002, 2040, 2011
 5317: 1973, 1974, 2056, 1979
 5318: 1953, 2081, 1964, 1986
 5319: 1990, 1990, 2000, 2067
 5320: 1990, 2115, 1990, 2385
 5321: 1990, 1990,   54, 1990
 5322: 2030, 1987, 1994, 1990
 5323: 2061, 2401, 2040, 2033
 5324: 2076, 2077, 1959, 2079
 5325: 1990, 2095, 1990, 2101
 5326: 1945, 1946, 2402, 1957
 5327: 1942, 1989, 1954, 1989
 5328: 1994, 1990, 1990, 1990
 5329: 2099, 2100,   54,   54
 5330:   54, 2093, 1990, 2099
 5331: 1939, 2080, 2086, 2403
 5332: 1991, 1990, 1990, 2112
 5333: 2094,   54, 2100, 1990
 5334: 1999, 2000, 2010, 1965
 5335: 2000, 2010, 1965, 2011
 5336: 2088, 1990,   54, 1990
 5337: 2022, 2020, 1959, 1957
 5338: 2000, 2010, 2117, 1972
 5339: 2118, 2118, 2051, 2117
 5340: 2006, 2000, 1972, 2051
 5341: 2000, 2000, 2117, 1972
 5342: 2000, 2010, 2051, 2117
 5343: 1939, 2080, 1949, 2084
 5344: 1990, 1990, 2085, 2112
 5345: 2109, 2115, 2074, 2385
 5346:   90,    9,   18,   19
 5347:  218,  218,   52,   52
 5348:  196, 2404,  196, 2404
 5349: 2405,  196, 2405,  196
 5350: 2404, 2406, 2404, 2406
 5351: 2406, 2406, 2406, 2406
 5352:  196, 2404,  355, 2407
 5353: 2405,  196, 2405,  207
 5354: 2404, 2406, 2408, 2409
 5355: 2406, 2406, 2409, 2410
 5356:   52,  218,   52,  218
 5357:  261,  355,  355,  366
 5358:  366, 1899, 2412, 2406
 5359: 2411,  202, 2413,  200
 5360:  200,  201,  202,  221
 5361:  201, 2408,  221,  200
 5362: 2410, 2406, 2408, 2410
 5363: 2414, 2412, 2414, 2415
 5364: 2406, 2413, 2406, 2406
 5365:  200,  223, 2413,  681
 5366:  224,  202,  682,  200
 5367:  200, 2408,  202,  211
 5368:  353, 2416,  200,  353
 5369: 2415, 2417, 2419, 2420
 5370: 2418, 2418,  575,  575
 5371: 2415, 2413, 2416, 2418
 5372:  211,  196, 2405,  196
 5373: 2405,  207, 2411,  202
 5374:  214,   78,  982,  983
 5375:   79,  139,  981,  984
 5376:   52,   52,   52,  684
 5377:  202,  230,  230,  196
 5378:  201,  201,  989,  930
 5379:  201,  201,  931,  991
 5380:   52,  685,   52,   52
 5381:  686,  365,  687,  374
 5382:  688,  200,   52,  219
 5383:   52,  206,  364,  212
 5384:  570,  771,  206,  810
 5385:  270,   52,   52,   52
 5386:  206,  567,  206,  567
 5387:  232,   52,   52,   52
 5388:  361,  354,  354,  562
 5389:  562, 2421,  565,   52
 5390: 2194,  364,  201,  201
 5391:  220,  220,  201, 1828
 5392:  220,  220, 1828,  201
 5393:   52,   52, 2189, 2190
 5394:   54,   52,   52,  331
 5395:  334,  334,  545, 2181
 5396: 2192, 2193,  364,  364
 5397:  331,  335, 2196,  336
 5398:  321,  313,  353, 2194
 5399:  545, 2181,  387,  201
 5400: 2181,  321,  201,  353
 5401: 2195,  164,  510,  172
 5402:  640, 2422,  632, 2423
 5403: 2423,  632,  632,  632
 5404:  632, 2424,  632,  632
 5405: 2425,  649, 2426,  632
 5406:  335, 2181,  336,  201
 5407:  292,  313,  556, 2194
 5408:   52,  331,  364, 2196
 5409:  331,  313,  335, 2194
 5410:  364, 2196,  201,  201
 5411:  605,  612,  612,  640
 5412: 2427, 2428,  635, 2429
 5413: 2422, 2423, 2423,  632
 5414:  544,  544,  544,  544
 5415: 2430, 2431, 2433, 2434
 5416:  635, 2432,  638, 2435
 5417:  652,  643,  652,  643
 5418:  632, 2436,  632,  632
 5419: 2434,  632, 2436, 2435
 5420:  639,  612, 2438,  632
 5421:  640, 2437, 2424, 2425
 5422:  652,  643,  652,  644
 5423:  540,  544,  387,  383
 5424:  635, 2439,  638,  632
 5425: 2440, 2441, 2443,  632
 5426:  632, 2442,  646,  647
 5427:  649,  613,  648,  649
 5428:  383,  544,  376,  383
 5429:  639,  612, 2446, 2427
 5430:  640, 2444, 2428, 2438
 5431: 2445,  650,  652,  643
 5432:  358,  653,  540,  547
 5433:  649,  613,  641,  649
 5434:  648, 2438,  498,  657
 5435: 2447, 2428, 2449, 2450
 5436:  641, 2448,  640, 2451
 5437:  649,  613, 2427,  649
 5438:  657, 2422,  547,  641
 5439: 2423,  649, 2426,  632
 5440:  632, 2452,  632, 2453
 5441: 2443,  658,  652,  643
 5442: 2160,  295, 2163,  295
 5443: 2429,  632,  632,  632
 5444:  632, 2434,  632, 2436
 5445:  632,  632, 2435,  632
 5446: 2444, 2445,  632,  632
 5447:  292, 2160,  292, 2163
 5448:  632, 2430,  632, 2433
 5449: 2431,  632, 2434,  632
 5450:  632,  632,  632, 2429
 5451: 2422, 2423, 2423, 2438
 5452:  334,  335, 2181,  336
 5453:  655,  641,  611,  640
 5454:  612,  640,  632,  648
 5455: 2454,  649, 2445, 2434
 5456:  632,  639,  632, 2456
 5457:  612,  640, 2457,  632
 5458:  632,  648,  648,  632
 5459:  632, 2455,  632,  646
 5460: 2435,  649,  648, 2427
 5461:  612,  640, 2458,  632
 5462:  632, 2459,  632,  632
 5463:  632,  632,  641, 2443
 5464: 2454,  632, 2460,  633
 5465: 2456, 2457, 2459, 2461
 5466:  564,  653,  493,  547
 5467:  632,  632,  641, 2426
 5468: 2456, 2457, 2449, 2434
 5469:  641, 2429,  640,  632
 5470: 2428,  632, 2433, 2430
 5471:  649,  613, 2428,  632
 5472: 2426,  632, 2429,  633
 5473:  638,  632,  640, 2458
 5474: 2422, 2433, 2423,  632
 5475: 2434,  649, 2436, 2463
 5476: 2427, 2462, 2455, 2435
 5477: 2438,  632, 2438,  632
 5478: 2452, 2432, 2453, 2464
 5479:  632, 2449,  632, 2422
 5480:  558,  559,  560,  220
 5481:  227,  390,   54,   52
 5482:  365,   54,  686,  365
 5483:   52,  331,  487, 2196
 5484: 2456, 2457, 2459,  646
 5485: 2430, 2431,  647,  647
 5486:  652,  643,  678,  355
 5487:  612,  612, 2448, 2428
 5488:  547,  641,  655,  641
 5489: 2451, 2465, 2436,  646
 5490: 2428,  632,  647,  648
 5491:  652,  643,  649,  613
 5492:  611,  640,  640,  652
 5493:  653,  632,  358,  653
 5494:  649,  613, 2466,  649
 5495:  611,  640,  640,  633
 5496: 2466,  649, 2455, 2435
 5497: 2449,  652, 2422,  652
 5498:  641, 2435,  641,  633
 5499: 2438,  632,  634,  635
 5500: 2429,  636, 2459,  639
 5501:  709,  717,  786,  787
 5502:  717,  717,  787,  787
 5503:  717,  718,  787,  788
 5504:  695,  695,  797,  797
 5505:  740,  717,  717,  762
 5506:  726,  740,  763,  717
 5507:  762,  763,  717,  740
 5508:  740,  717,  717,  729
 5509:  728,  717,  729,  729
 5510:  717,  717,  729,  729
 5511:  717,  762,  717,  717
 5512:  763,  717,  717,  717
 5513:  717,  717,  717,  710
 5514:  722,  711,  711,  730
 5515: 1698,  724,  717,  717
 5516:  202,  570,  570,  196
 5517:  717,  717,  925,  925
 5518:  717,  717,  717,  804
 5519:  758,  758,  805,  805
 5520:  758,  735,  805,  805
 5521:  751,  717,  805,  805
 5522:  717,  728,  805,  805
 5523:  709,  761,  698,  763
 5524:  926,  926,  740,  728
 5525:  761,  717,  762,  763
 5526:  933,  734, 1317, 2467
 5527:  196,  196,  213,  196
 5528:  698,  763,  709,  761
 5529:  717,  726,  925,  925
 5530:  762,  763,  761,  717
 5531:  711, 2468,  712,  713
 5532:  301,  567,  212,  374
 5533:   52,  257,  365,   52
 5534:   52,   54,   52,  569
 5535:  569,   52,   54,   52
 5536:  213,  196,  206,  196
 5537:  926,  926,  717,  717
 5538:  717,  710,  717,  710
 5539:  711,  712,  711,  723
 5540:  713,   52,  527,   52
 5541:  569,   54,   54,   54
 5542:  735,  745,  717,  735
 5543:  747,   54,  745,  747
 5544:  374,  365,  570,  927
 5545:  735,  723,  768,  769
 5546:  206,  292,  355,  284
 5547:  263,  171,  901,  198
 5548:  355,  923,  284,  293
 5549:  564,  370,  566,  563
 5550:  371,  371,  563,  563
 5551:  372,  355, 1317,  284
 5552:  301,  292,  196,  292
 5553:  294,  293,  159,  380
 5554:  196,  292,  207,  353
 5555:   52,  361,   52,  354
 5556:  349,  351,  262,  358
 5557:  352,  173,  359,  352
 5558:  334,  206,  488,  213
 5559:  358,  359,  369,  358
 5560:  365,  206,  374,  206
 5561:  352,   52,  359,  158
 5562:  158, 2127,  163,  421
 5563:  570,  489,  213, 2469
 5564:  544,  163,  544, 1764
 5565: 1911, 1882, 1916, 1884
 5566:  213,  810,  213,  567
 5567:  168,   52,  118,  113
 5568:  156,  149,   52,   54
 5569:  135,  136,   54,   54
 5570:  134,  135,   54,   54
 5571:  136,  134,   54,   54
 5572:  119,  120,   18,   19
 5573:  182,   90,   17,   18
 5574:   53,   52,   52,   54
 5575:   53,   52,   54,   52
 5576:  135,  136,   52,   54
 5577:  134,   54,   52,   52
 5578:   53,   54,   52,   52
 5579:   54,  135,  113,   52
 5580:  124,  113,  232,   52
 5581:   52,  113,  824,  242
 5582:    1,    2,   11,  813
 5583:  811,  812,  814,  815
 5584:    2,    0,  816,   10
 5585:  817,  818,  525,  377
 5586:  158,  380,  163,  511
 5587:  135,  136,  487,  364
 5588:  134,  135,  364,  364
 5589:  136,  134,  364,  364
 5590:  135,  136,  364,  364
 5591:   52,  173,  365,  331
 5592:  217,  487,  984,  491
 5593:  374,  920,  200,  201
 5594:  201,  201,   10, 2470
 5595:  201,  201,  989,   10
 5596:   52,   52,   52, 1015
 5597:   52,   52, 1016, 1017
 5598:   52,   52, 1017, 1018
 5599:   52,   54, 1019,  236
 5600: 1527,  930,  176,   20
 5601:   52, 1020,   52, 1020
 5602: 1646, 1022, 1021, 1022
 5603: 1022, 1654, 1022, 1023
 5604: 1024,  240, 1024,  240
 5605:   52, 1026,   52, 1034
 5606: 1027, 2471, 1035, 1036
 5607: 2472, 1029, 1037, 1035
 5608:   52, 1521,   52,   54
 5609: 1864, 1865, 1868, 1044
 5610: 1866, 1864, 1045, 1868
 5611: 1867,  255,   54,   52
 5612:  159,  380,  452,  511
 5613:  169,  377,  169,  511
 5614:  527,   52,  527,  527
 5615:  824,  264,   52,   52
 5616:  173,  165,   54,   54
 5617:  452,  511,  509,  535
 5618:  163,  421,  165,  452
 5619:  266,  941,   52,  266
 5620:   52,  257,   52,   52
 5621:  134,   52,   52,   54
 5622:   54,   52,   54, 1499
 5623:   52,  173, 1500, 1501
 5624:  172,   52, 1502, 1503
 5625:   52,   52, 1504,   52
 5626:  242, 1505,  242, 1512
 5627: 1506, 1507, 1513, 1514
 5628: 1508, 1509, 1514, 1515
 5629: 1510,   52, 1516,   52
 5630:  264,   52,  127,   52
 5631:   52,   53,   52,   53
 5632:   52,   52,   53,  113
 5633:   52,   53,   52,  113
 5634:  562, 2421, 2421,   52
 5635:  313,   52,  915,  384
 5636:   52,  331,  385,  920
 5637:  206,  567,  212,  374
 5638:  165,  165,  334,  313
 5639:  165,  172,  487,  627
 5640:  732,  918,  726,  717
 5641:   13,  130,   23,  134
 5642:  232,   53,   54,   54
 5643:  575,  915,  201,  201
 5644:  118,   54,  217,   54
 5645:   53,   52,   53,   52
 5646:  149,   52,   52,  684
 5647:   52,   53,  365,   52
 5648:   52,  113,   53,   52
 5649:  686,  364,  687,  201
 5650:   53,   52,  365,   52
 5651:  688,  227,   52,   52
 5652:  127,   54,  168,   54
 5653:   52,   52,   52,  495
 5654:   52,   52,  496,  159
 5655:   52,   52,  160,  499
 5656:  495,  161,  163,  511
 5657:   52,   52,  160,  161
 5658:   52,  495,  496,  163
 5659:  499,  502,  421,  421
 5660:  161,   52,  501,  502
 5661:  159,  160,  452,  421
 5662:  161,  158,  501,  500
 5663:  421,  501,  535,  165
 5664:  159,  163,  534,  421
 5665:  173,  165,   38,  120
 5666:  165,  166,  121,   52
 5667:  173,  165,  182,   38
 5668:  165,  165,  120,  121
 5669:   54,   52,  120,  121
 5670:  127,  335,  168,  295
 5671:  336,  339,  494,  720
 5672:  339, 2473,  390,  853
 5673:  347,  837,  347,  362
 5674:  373,  837,  376,  373
 5675:  339,  390,  390,  487
 5676:  373,  362, 2473,  362
 5677:  202,  221,  200,  223
 5678:  221,  376,  224,  339
 5679:  219,  681,   52,  169
 5680:  682,  390,  377,   52
 5681:  227,  390,   52,   53
 5682:  872,  169,  876,  169
 5683:  377,  869,  377,  873
 5684:  872,   52,  876,   52
 5685:   52,  879,   52,  886
 5686:  882,  169,  889,  169
 5687:  377,  879,  377,  886
 5688:  882,   52,  889,   52
 5689:   53,   52,  527,   52
 5690:  155,  156,   52, 2474
 5691:  149,  173, 2475,   52
 5692:  172,  154,   52, 2474
 5693:  155,  156, 2475,   52
 5694:   52,  527,  527,  527
 5695:  527,  684,  527,  685
 5696:  365,   52,  686,  364
 5697: 2476, 2477,  527,   52
 5698: 2477, 2477,   54,   54
 5699: 2478, 2479,   52, 2481
 5700: 2480,   52, 2482, 2483
 5701:   52, 2479, 2483, 2481
 5702: 2480, 2476, 2482,   52
 5703: 2478,   52,  527,  894
 5704:  687,  201,  688,  227
 5705:   54, 2483,   54, 2483
 5706: 2483,   54, 2483,   54
 5707:   52,   54,   52, 2474
 5708:   54, 2483, 2475, 2483
 5709: 2483,   54, 2483, 2474
 5710:   54,   52, 2475,   52
 5711:  527,  894,  527,   52
 5712:  527,   52, 2476, 2477
 5713:   52,   52, 2477, 2477
 5714:   52, 2479, 2478, 2481
 5715: 2480, 2483, 2482, 2483
 5716: 2483, 2479, 2483, 2481
 5717: 2480,   52, 2482, 2476
 5718:  527,   52, 2478,   52
 5719:  903,  903,  742,  749
 5720:  903,  903,  748,  742
 5721: 2473,  494,  906,  362
 5722:   52,  569,   52,  569
 5723:  756,  754,  201,  388
 5724:  755,  756,  389,  201
 5725:  820,  820,  225,  225
 5726:   54,  893,   54,  894
 5727:   52,  219,  899,   52
 5728:  227,  388,   52,   52
 5729:  389,  227,   52,   52
 5730:   52,  266,   52,   54
 5731:  225,  225,  225,  550
 5732:  225,  225,  551,  225
 5733:   52,  820,   52,  242
 5734:  527,  527,  218,  225
 5735: 2474, 2475, 2479, 2480
 5736:  569, 2476, 1526, 1526
 5737: 2477, 2477, 1526, 1526
 5738: 2478, 2476, 1526, 1526
 5739: 2477, 2477, 1526, 2474
 5740: 2477, 2477, 2475,   54
 5741: 2478,  552,  225,  225
 5742:  553,  225,  225,  225
 5743:  225,  225, 1526, 1526
 5744: 2481, 2482, 1526, 1526
 5745:  225, 1659, 1526, 1664
 5746: 1660,  894, 1665,  894
 5747:   54,  550,   54,  552
 5748:  551, 2483,  553, 2483
 5749: 2480, 2476, 2482,  900
 5750: 2478,  569,  894,   52
 5751:  569,  820,   52,   52
 5752:  264,   52,   54,   52
 5753:  894, 2476,  894, 1526
 5754: 2478, 2474,  569, 2479
 5755: 2475, 2474, 2480, 2479
 5756: 2475, 2476, 2480, 1526
 5757: 2478, 1670, 1526, 1526
 5758: 1671, 2476, 1526, 1526
 5759: 2478,   52,  569,   52
 5760:   52, 2483,  218,  218
 5761: 1670, 1671,  218, 1526
 5762: 2483, 2483, 1526,   52
 5763: 2476, 2478,   52, 1659
 5764:   53, 2483, 1660, 2483
 5765: 2483,   52, 2483,   52
 5766:  669,   52,  669,  899
 5767:  218, 2481,   54,   54
 5768: 2482, 2481, 2483, 2483
 5769: 2482, 2483, 2483, 2483
 5770: 2476, 2477, 1526, 1659
 5771: 2477, 2477, 1660, 1526
 5772: 2478,  218, 1526,  550
 5773:  218,  218,  551,  550
 5774:  218, 2476,  551, 2483
 5775: 2478,  218, 2483,  550
 5776:  218, 1664,  551, 1670
 5777: 1665, 2483, 1671, 2483
 5778:  669,  894,  669,  894
 5779:   52,  935,   52,  936
 5780:   54,   54, 2476, 2477
 5781:   54,   54, 2477, 2477
 5782:   54,   54, 2477, 2478
 5783:   54, 1664,   54, 1670
 5784:   52,  552,  242, 2483
 5785:  553,  552, 2483, 2483
 5786:  553, 2483, 2474, 2475
 5787: 2483,  552, 2483, 2483
 5788: 2483, 2483, 2483, 2483
 5789:  894,  894,  894,   52
 5790:  160,  161,  171,  501
 5791: 2483, 2483, 2476, 2477
 5792: 2483, 2483, 2477, 2477
 5793:  264,   52, 2477, 2477
 5794:   52,   52, 2477, 2478
 5795: 2479, 2480, 2481, 2482
 5796:  669,  894,  820,  898
 5797:  136,  134,  127, 1015
 5798:   54,   52, 1017, 1018
 5799:   52,   52, 1019,  236
 5800:  168, 1020,  118, 1020
 5801: 1646, 1022, 1021, 1647
 5802: 1022, 1654, 1655, 1023
 5803:  217, 1026,  149, 1034
 5804: 1027, 1028, 1035, 1036
 5805: 1028, 1029, 1037, 1035
 5806:   52,  249,  127,   52
 5807:  254,  255,   53,   52
 5808:   54,   52,  256,  450
 5809:  209,  717, 1312,  787
 5810:  717,  209,  787, 1312
 5811:  694,  696, 2484,  714
 5812:  696,  696,  797,  797
 5813:  809,  742, 1344,  742
 5814:  742,  742,  749,  749
 5815:  766,  567,  766,  567
 5816:  220,  696,  201,  696
 5817:  696,  220,  696,  201
 5818:  720,  721,  721,  740
 5819:  208,  209,  200, 1312
 5820:  387,  339,  339, 1346
 5821:  742,  742,  749,  742
 5822:  207,  208,  202,  202
 5823:  342,  696,  732,  797
 5824:  696,  342,  797,  732
 5825:  771,  200,  197,  199
 5826:  202,  220,  570,  765
 5827:  766,  567, 1343,  374
 5828:   52,  219,  365,   52
 5829:  739, 2485,  285,  285
 5830:  213,  765,  213, 2486
 5831:  563, 1317,   52,  294
 5832:  206,  764,  206,  765
 5833:  750,  570,  742,  766
 5834:  567,   52,  567,  113
 5835:   52,  348,  348,  354
 5836:  749,  742,  742,  749
 5837:  748,  748,  749,  742
 5838:  689,  562,  563,  565
 5839:  354,  355,  206,  765
 5840:  770,  775, 2487,  742
 5841:  742,  766,  791,  766
 5842:   52,   52,  349,  351
 5843:  493,  347,  491,  373
 5844:  212,  353,  219,  570
 5845:  798,  742,  765,  742
 5846:  799,  562,  562,  565
 5847:  565,  256,  256,  260
 5848:  262,  358,  197,  540
 5849:  491, 1312,  339,  220
 5850:   52,  206,  569,  212
 5851:  765,  790,  353,  798
 5852:  742,  742,  790, 1642
 5853:  742,  789, 1931,  795
 5854:  757, 2488,  796, 2489
 5855:  802,  766,  488,  196
 5856:  567,  256,  567,  260
 5857:  197,  540,  197,  540
 5858:  362,  487,  362,  493
 5859:  491,  339,  546,  376
 5860:  376, 1312,  339,  227
 5861: 1312,  201,  227,  227
 5862:  200,  353,  219,  200
 5863: 1937, 1934, 1312, 1832
 5864: 1935,  742,  742,  742
 5865:  801, 1312,  803,  903
 5866:  492,  196,  211,  196
 5867:  362,  493,  362,  493
 5868:   52,  219,   52,  528
 5869:  204, 1938,  452, 2490
 5870:  742, 1775, 1785, 1786
 5871: 1776, 1800,  171, 1799
 5872:  766,  196,  213,  196
 5873:  567,  212,  567,  219
 5874:  202,  202,  200,  202
 5875:  364,  365, 1312,  374
 5876:  173,  452,  365,  173
 5877:  388,  389,  742,  742
 5878:  903,  200,  742,  750
 5879:  374,  365,  570,  567
 5880:  596,  809,  295,  809
 5881:  766,  927,  766,  292
 5882:  261,  562,  562,  565
 5883:  362,  566,  362,  352
 5884:  286,  498, 2491, 2492
 5885:  800,  794,  498, 1841
 5886: 1834,  742, 1359, 1359
 5887:  791,  799, 1842,  355
 5888:  355,  284, 2493, 2494
 5889:  197,  369,  197,  198
 5890:  352,  566,  359,  360
 5891:  564,  549,  566,  563
 5892:  469, 1873,  563,  563
 5893: 1873, 1873,  563,  563
 5894: 1873,  469,  563,  563
 5895:  262,  263,  197,  265
 5896:  265, 1709,  268, 1843
 5897:  139,  820,  984,  364
 5898:  820,  331,  364,  920
 5899: 2495, 2496, 2496,   54
 5900:  869,  870,  873,  874
 5901:  871,  872,  875,  876
 5902:  334,  313,  575,  915
 5903:  879,  880,  886,  887
 5904:  881,  882,  888,  889
 5905:  168,  142,  118,  152
 5906: 2495,   52,   52, 2495
 5907:  999,   52, 1002,  824
 5908: 2497, 1014,   52, 1014
 5909: 1020, 1646, 1026, 1027
 5910: 1022, 1022, 2498, 2499
 5911: 1654, 1024, 1029, 1030
 5912:  978,  978, 2500, 2501
 5913:  978,  978, 2501, 2501
 5914:  978,  978, 2501, 2502
 5915: 1035, 1038, 1077, 1475
 5916: 2503, 2504, 2503, 2504
 5917: 2504, 2504, 2504, 2504
 5918: 2504, 2505, 2504, 2505
 5919:  970,  970,  970,  970
 5920:  225, 2506,   52,   53
 5921: 2507, 2508,  970,  970
 5922: 2508, 2508,  970,  970
 5923: 2508, 2509,  970,  970
 5924:   52,   52, 2510, 2511
 5925: 2506, 2512, 2495, 2515
 5926: 2506,   52,   52,   52
 5927: 1052, 1052,  999, 2516
 5928: 2513, 2514, 2517, 2518
 5929: 2519, 2520,   52, 1052
 5930: 1055, 1052,  977, 1052
 5931: 2521, 2522, 2524, 2525
 5932: 2522, 2523, 2525, 2526
 5933: 1025,   52, 2521, 2522
 5934:   52,   52, 2522, 2522
 5935:   52,   52, 2522, 2523
 5936: 1025, 1014,  240, 1014
 5937: 2524, 2525, 2524, 2525
 5938: 2525, 2526, 2525, 2526
 5939: 2524, 2525, 2527, 2528
 5940: 2525, 2525, 2529, 2528
 5941: 2525, 2526, 2529, 2530
 5942:  240, 1014,  240, 1002
 5943: 2527, 2528,   52,   52
 5944: 2529, 2530,   52,   52
 5945:  978,  978, 1062,  971
 5946:   52, 1065,   52, 1067
 5947: 1066,  969, 1068,  969
 5948:   52,   52, 2532, 2533
 5949:  974, 2531,  974, 2531
 5950: 2534, 2535, 2536, 2537
 5951: 1052, 1052, 2516, 2516
 5952: 2538, 2539, 1052,   52
 5953:   52,   52,  669, 1643
 5954:   52,   52,  820,  267
 5955:   52,  135,  267,  267
 5956:  136,  134,  267,  267
 5957:   52,  295,  267,  295
 5958:  669,  820,  669,   52
 5959: 1015, 1016, 1020, 1646
 5960: 1018, 1019, 1654, 1024
 5961:   54,  295,   54,  295
 5962:  669, 1643,  669,  820
 5963:   52,  820,   52,   54
 5964:  820,  295,   54,  295
 5965:   52,   54,   52,  820
 5966:   54,  295,  820,  295
 5967: 1044, 1045, 1526, 1526
 5968:  669,   52,  669, 1643
 5969:   54,  820,   54,   54
 5970:  293,   52,  824,  824
 5971:  266,  820,   52,   52
 5972:  820,  267,   52,   52
 5973:  267,  820,   52,  266
 5974:   52,   54,  267,  267
 5975:   54,  295,  267,  683
 5976: 2540, 2540, 2540, 2540
 5977: 2540, 2540, 2541, 2542
 5978: 2540, 2540, 2543, 2544
 5979: 2540, 2540, 2544, 2544
 5980: 2540, 2540, 2540, 2541
 5981: 2540, 2540, 2542, 2543
 5982: 2540, 2540, 2545, 2546
 5983: 2541, 2542, 2547, 2548
 5984: 2543, 2544, 2549, 2550
 5985: 2545, 2546, 2547, 2548
 5986: 2547, 2548, 2548, 2552
 5987: 2549, 2550, 2549, 2553
 5988: 2551, 2551, 2554, 2554
 5989: 2540, 2541, 2542, 2547
 5990: 2542, 2543, 2548, 2549
 5991: 2544, 2545, 2555, 2547
 5992: 2546, 2547, 2548, 2548
 5993: 2548, 2549, 2552, 2549
 5994: 1477, 1477, 2553, 2556
 5995: 2548, 2552, 2552, 2547
 5996: 2549, 2553, 2549, 2550
 5997: 2552, 2547, 2547, 2548
 5998: 2549, 2553, 2549, 2553
 5999: 2554, 2554, 2554, 2554
 6000:  292, 2547,  292, 2548
 6001: 2548, 2548, 2552, 2552
 6002: 2552, 2549, 2547, 2549
 6003: 2557, 2548, 2553, 2552
 6004: 2552, 2552, 2547, 2547
 6005: 2547, 2549, 2548, 2549
 6006: 2550, 2558, 2553, 2556
 6007: 2548, 2552, 2552, 2562
 6008: 2559, 2560, 2563, 2564
 6009: 2561, 2561, 2565, 2566
 6010:  292, 2552,  292, 2547
 6011: 2547, 2547, 2548, 2548
 6012: 2550, 2547, 2567, 2548
 6013: 2549, 2567, 2549, 2553
 6014: 2552, 2547, 2547, 2562
 6015: 2562, 2563, 2563, 2564
 6016: 2564, 2568, 2570, 2571
 6017: 2569, 2566, 2569, 2566
 6018:  292, 2548,  292, 2552
 6019: 2556, 2552, 2558, 2547
 6020: 2549, 2553, 2549, 2555
 6021: 2562, 2563, 2550, 2558
 6022: 2564, 2572, 2550, 2551
 6023: 2573, 2574, 2575, 2576
 6024: 2569, 2566, 2577, 2554
 6025: 2578, 2548, 2550, 2552
 6026: 2549, 2558, 2579, 1477
 6027: 2567, 2578, 2555, 2557
 6028: 2553, 2554, 1477, 2550
 6029: 2550, 2558, 2558, 2550
 6030: 2554, 2556, 2558, 2550
 6031: 2553, 2547, 2558, 2548
 6032: 2552, 2562, 2562, 2563
 6033: 2572, 2580, 2564, 2582
 6034: 2565, 2581, 2569, 2585
 6035: 2582, 2583, 2563, 2564
 6036: 2584, 2583, 2572, 2580
 6037: 2584, 2583, 2563, 2564
 6038: 2578, 2552, 2556, 2547
 6039: 2547, 2562, 2562, 2563
 6040: 2563, 2564, 2564, 2563
 6041: 2569, 2585, 2569, 2585
 6042: 2582, 2563, 2563, 2564
 6043: 2564, 2563, 2563, 2564
 6044: 2564, 2563, 2572, 2580
 6045: 2557, 2548, 2550, 2552
 6046: 2558, 2550, 2556, 2553
 6047: 2558, 2567, 2556, 2553
 6048: 2578, 2567, 2556, 2550
 6049: 2577, 2586, 2558, 2567
 6050: 2558, 2550, 2578, 2553
 6051: 2558, 2553, 2556, 2553
 6052: 2558, 2554, 2556, 2553
 6053: 2567, 2547, 2555, 2548
 6054: 2552, 2559, 2562, 2563
 6055: 2544, 2560, 2564, 2582
 6056: 2558, 2550, 2565, 2566
 6057: 2558, 2587, 2581, 2582
 6058: 2544, 2544, 2568, 2582
 6059: 2544, 2560, 2568, 2582
 6060: 2550, 2558, 2583, 2584
 6061: 2567, 2552, 2550, 2548
 6062: 2588, 2589, 2589, 2588
 6063: 2563, 2564, 2564, 2582
 6064: 2585, 2568, 2585, 2582
 6065: 2590, 2591, 2593, 2594
 6066: 2591, 2592, 2595, 2596
 6067: 2582, 2563, 2568, 2582
 6068: 2567, 2562, 2558, 2550
 6069: 2570, 2571, 2573, 2574
 6070: 2597, 2598, 2558, 2550
 6071: 2569, 2566, 2577, 2556
 6072: 2585, 2568, 2586, 2558
 6073: 2599, 2600, 2550, 2558
 6074: 2601, 2602, 2550, 2550
 6075: 2582, 2563, 2550, 2558
 6076: 2564, 2563, 2550, 2558
 6077: 2564, 2563, 2558, 2558
 6078: 2552, 2549, 2547, 2559
 6079: 2556, 2567, 2544, 2544
 6080: 2575, 2576, 2560, 2550
 6081: 2556, 2553, 2558, 2550
 6082: 2575, 2576, 2558, 2587
 6083: 2578, 2553, 2544, 2544
 6084: 2556, 2556, 2544, 2544
 6085: 2567, 2578, 2544, 2544
 6086: 2553, 2553, 2544, 2544
 6087: 2567, 2578, 2544, 2560
 6088: 2567, 2578, 2550, 2558
 6089: 2540, 2540, 2603, 2604
 6090: 2540, 2540, 2605, 2540
 6091: 2551, 2558, 2554, 2556
 6092: 2606, 2607, 2606, 2611
 6093: 2608, 2609, 2607, 2607
 6094: 2610, 2544, 2608, 2557
 6095: 2603, 2604, 2606, 2607
 6096: 2605, 2540, 2608, 2609
 6097: 2540, 2540, 2610, 2544
 6098: 2540, 2540, 2544, 2603
 6099: 2540, 2540, 2604, 2605
 6100: 2554, 2556, 2554, 2556
 6101: 2606, 2608, 2606, 2607
 6102: 2611, 2611, 2608, 2608
 6103: 2607, 2558, 2611, 2578
 6104: 2606, 2611, 2606, 2608
 6105: 2607, 2607, 2611, 2611
 6106: 2608, 1477, 2607, 2553
 6107: 1477, 2606, 2556, 2606
 6108: 2607, 2608, 2611, 2607
 6109: 2609, 2610, 2607, 2608
 6110: 2544, 2603, 2558, 2606
 6111: 2604, 2605, 2607, 2608
 6112: 2561, 2612, 2581, 2563
 6113: 2613, 2611, 2564, 2614
 6114: 2608, 2558, 2607, 2557
 6115: 2608, 2608, 2607, 2607
 6116: 2611, 2550, 2608, 2553
 6117: 2558, 2606, 2556, 2606
 6118: 2608, 2611, 2607, 2608
 6119: 2611, 2607, 2608, 2611
 6120: 2556, 2606, 2558, 2606
 6121: 2585, 2582, 2585, 2570
 6122: 2572, 2580, 2571, 2563
 6123: 2614, 2608, 2564, 2614
 6124: 2611, 2558, 2608, 2578
 6125: 2607, 2550, 2611, 2558
 6126: 2585, 2573, 2586, 2575
 6127: 2574, 2580, 2576, 2558
 6128: 2572, 2580, 2550, 2558
 6129: 2614, 2556, 2550, 2550
 6130: 2608, 2556, 2607, 2550
 6131: 2561, 2578, 2558, 2550
 6132: 2553, 2550, 2558, 2553
 6133: 2567, 2578, 2558, 2567
 6134: 2558, 2567, 2578, 2587
 6135: 2606, 2607, 2613, 2611
 6136: 2556, 2606, 1477, 2606
 6137: 2584, 2565, 2582, 2569
 6138: 2581, 2563, 2585, 2568
 6139: 2564, 2614, 2563, 2564
 6140: 2611, 2611, 2614, 2608
 6141: 2607, 2550, 2611, 2553
 6142: 2564, 2569, 2568, 2569
 6143: 2585, 2563, 2585, 2582
 6144: 2564, 2572, 2563, 2564
 6145: 2580, 2614, 2563, 2564
 6146: 2608, 2550, 2614, 2553
 6147: 2550, 2550, 2553, 2553
 6148: 2558, 2577, 2556, 2553
 6149: 2586, 2558, 2556, 2553
 6150: 2587, 2544, 2563, 2564
 6151: 2544, 2544, 2563, 2564
 6152: 2544, 2560, 2563, 2564
 6153: 2544, 2613, 2563, 2564
 6154: 2611, 2607, 2614, 2611
 6155: 2608, 2611, 2614, 2608
 6156: 2564, 2563, 2558, 2550
 6157: 2564, 2563, 2555, 2550
 6158: 2564, 2563, 2557, 2555
 6159: 2564, 2572, 2557, 2555
 6160: 2580, 2563, 2558, 2550
 6161: 2564, 2614, 2567, 2550
 6162: 2558, 2606, 2558, 2606
 6163: 2578, 2567, 2550, 2558
 6164: 2557, 2555, 2550, 2558
 6165: 2578, 2567, 2587, 2544
 6166: 2578, 2567, 2544, 2544
 6167: 2575, 2576, 2544, 2560
 6168: 2556, 2553, 2553, 2558
 6169: 2556, 2553, 2587, 2544
 6170: 2556, 2553, 2544, 2560
 6171: 2556, 2567, 2550, 2558
 6172: 2555, 2567, 2550, 2558
 6173: 2578, 2606, 2587, 2613
 6174: 2607, 2608, 2607, 2607
 6175:  924,   52,  927,  218
 6176:  269,   52,  218,  218
 6177:   52,  206,  218,  206
 6178:  381,  377,  421,  377
 6179:  248,   52,   52,   52
 6180:  171,  377,  421,  377
 6181:  292,  539,  292,   52
 6182:  421,  377,  368,  511
 6183:  149,   52,   52,  113
 6184:  292,   54,  292,   52
 6185:   54,  206,   53,  212
 6186:  523,  421,  525,  421
 6187:  421,  511,  421,  171
 6188:  295, 2615,  295, 2616
 6189:  776,  779,  781,  782
 6190:  718, 2615,  785, 2617
 6191:  421,  421,  171,  421
 6192:  421,  511,  421,  533
 6193:  512,   52,  526,   52
 6194:   52,   52,  113,   53
 6195:  421,  421,  452,  164
 6196:  718, 2618,  718, 2619
 6197:  113,   52,  113,   52
 6198:  785,  301,  718,  301
 6199:  353,  575,  200,  201
 6200:  158,  159,  163,  421
 6201:  201,  201, 2620, 2621
 6202:  201,  201, 2621, 2621
 6203:  201,  201, 2621, 2622
 6204:  201,  201,  903, 2620
 6205: 2623, 2624, 2631, 2632
 6206: 2624, 2624, 2632, 2632
 6207: 2624, 2625, 2632, 2633
 6208:  749, 2626,  742, 2634
 6209: 2627,  742, 2635,  742
 6210:  748, 2628,  742, 2628
 6211: 2629, 2630, 2636, 2630
 6212:  742,  742,  748, 2637
 6213:  742,  742, 2638, 2638
 6214:  742,  748, 2638, 2638
 6215:  742, 2637, 2638, 2643
 6216: 2638, 2638, 2629, 2629
 6217: 2639,  742, 2644, 2645
 6218:  742,  742, 2646, 2647
 6219:  742,  742, 2638, 2639
 6220:  748, 2640,  742, 2648
 6221: 2641, 2642, 2649, 2650
 6222:  742, 2628,  742, 2628
 6223: 2629, 2651, 2636, 2659
 6224: 2624, 2652, 2632, 2660
 6225: 2653, 2654, 2661, 2662
 6226: 2624, 2655, 2632, 2663
 6227: 2629, 2630, 2629, 2630
 6228:  742, 2656,  748, 2628
 6229: 2657, 2658, 2636, 2644
 6230:  347, 2664,  347, 2668
 6231: 2638, 2639, 2629, 2630
 6232:  742, 2640,  742, 2648
 6233: 2641, 2642, 2666, 2650
 6234:  742,  742,  742,  749
 6235:  742,  742, 2637, 2638
 6236:  742, 2665, 2638, 2643
 6237: 2666, 2667, 2669, 2644
 6238:  742, 2628, 2638, 2643
 6239: 2629, 2651, 2629, 2659
 6240:  347, 2668,  347, 2668
 6241: 2657, 2658, 2629, 2630
 6242:  748, 2637,  742, 2628
 6243: 2638, 2645, 2629, 2670
 6244: 2646, 2647, 2666, 2666
 6245: 2643, 2651, 2629, 2659
 6246:  347, 2668,  347, 2671
 6247: 2629, 2630, 2624, 2625
 6248: 2666, 2629, 2666, 2629
 6249: 2629, 2629, 2666, 2666
 6250: 2629, 2666, 2666, 2649
 6251: 2666, 2666, 2666, 2670
 6252: 2649, 2629, 2666, 2666
 6253: 2629, 2629, 2666, 2649
 6254:  347, 2672,  347,  809
 6255: 2632, 2633, 1361,  742
 6256: 2629, 2630, 2629, 2644
 6257:  742, 2656, 2638, 2643
 6258: 2666, 2673, 2629, 2666
 6259: 2629, 2629, 2629, 2670
 6260: 2629, 2629, 2666, 2629
 6261: 2674, 2670, 2666, 2673
 6262: 2629, 2666, 2666, 2666
 6263: 2675, 2630, 2629, 2630
 6264:  742, 2637,  742, 2628
 6265: 2638, 2638, 2629, 2651
 6266: 2638, 2638, 2624, 2655
 6267: 2638, 2639, 2636, 2630
 6268:  347,  809,  347, 2664
 6269: 1345,  742, 2639,  742
 6270:  742, 2628,  748, 2628
 6271: 2629, 2666, 2629, 2670
 6272: 2670, 2629, 2677, 2666
 6273: 2666, 2629, 2649, 2666
 6274: 2629, 2629, 2670, 2666
 6275: 2629, 2659, 2629, 2630
 6276: 2632, 2663,  742, 2628
 6277: 2676, 2630, 2629, 2630
 6278: 2630,  742, 2644, 2639
 6279: 2666, 2666, 2666, 2629
 6280: 2666, 2649, 2629, 2666
 6281: 2678, 2666, 2629, 2629
 6282: 2666, 2670, 2666, 2666
 6283:  742, 2628,  748, 2623
 6284: 2629, 2644, 2624, 2624
 6285:  742, 2628,  749, 2628
 6286:  742, 2656, 2679, 2628
 6287: 2666, 2629, 2666, 2670
 6288: 2666, 2670, 2629, 2629
 6289: 2666, 2670, 2629, 2666
 6290: 2629, 2629, 2629, 2629
 6291: 2629, 2677, 2629, 2629
 6292: 2629, 2676, 2629, 2651
 6293: 2669, 2636, 2624, 2655
 6294:  742, 2631,  748,  742
 6295: 2632, 2632,  742,  742
 6296:  347, 2671,  347, 2672
 6297:  742, 2628,  748, 2640
 6298: 2629, 2630, 2641, 2642
 6299:  742, 2628,  742, 2623
 6300: 2629, 2666, 2624, 2624
 6301: 2666, 2666, 2652, 2653
 6302: 2629, 2649, 2654, 2624
 6303: 2666, 2666, 2624, 2624
 6304: 2673, 2666, 2624, 2624
 6305: 2629, 2659, 2624, 2625
 6306: 2629, 2630, 2676, 2644
 6307: 1361,  742, 1320,  748
 6308:  742, 2648,  742, 2656
 6309: 2666, 2650, 2657, 2658
 6310:  742, 2631,  742,  742
 6311: 2660, 2661,  742,  742
 6312: 2662, 2632,  742,  748
 6313: 2632, 2633,  742,  742
 6314:  742, 2623,  742, 2631
 6315: 2638, 2638, 2624, 2624
 6316: 2638, 2638, 2655, 2629
 6317: 2639,  742, 2630,  742
 6318:  742, 2679,  742, 2680
 6319:  742, 2679, 2681, 2681
 6320:  742,  742, 2681, 2681
 6321:  742,  742, 2681, 2682
 6322: 2632, 2632,  748,  749
 6323: 2632, 2632,  742,  748
 6324: 2663, 2675, 2628, 2629
 6325: 2644, 2638, 2629, 2629
 6326: 2639, 2683, 2630, 2683
 6327: 2684, 2684, 2684, 2684
 6328: 2684, 2685, 2684, 2685
 6329: 2638, 2638, 2686, 2687
 6330: 2638, 2638, 2675, 2669
 6331: 2638, 2638, 2669, 2636
 6332: 2643, 2629, 2629, 2629
 6333: 2651, 2624, 2659, 2632
 6334: 2625, 2683, 2633, 2688
 6335: 2684, 2684, 2689, 2689
 6336: 2684, 2684, 2690, 2684
 6337: 2684, 2684, 2691, 2689
 6338: 2684, 2685, 2689, 2692
 6339:  201,  201, 2622,  903
 6340:  201,  201, 2620, 2622
 6341: 2683, 2684, 2683, 2684
 6342: 2685,  766, 2685,  766
 6343: 2628, 2629, 2628, 2629
 6344: 2630,  742, 2630,  742
 6345: 2628, 2630, 2628, 2630
 6346: 2688, 2689, 2693, 2694
 6347: 2689, 2690, 2695, 2688
 6348: 2684, 2684, 2689, 2696
 6349: 2684, 2684, 2697, 2698
 6350: 2684, 2684, 2699, 2700
 6351: 2684, 2691, 2689, 2692
 6352: 2689, 2689, 2694, 2695
 6353: 2692,  766, 2693,  766
 6354:  742, 2665,  742, 2628
 6355: 2666, 2667, 2629, 2630
 6356: 2701, 2702, 2706, 2707
 6357: 2703, 2693, 2708, 2704
 6358: 2694, 2695, 2702, 2703
 6359: 2704, 2705, 2709, 2710
 6360: 2704, 2694, 2711, 2702
 6361: 2695, 2693, 2703, 2704
 6362: 2702, 2703, 2707, 2708
 6363: 2701,  766, 2706,  766
 6364: 2638, 2643, 2629, 2651
 6365: 2643, 2629, 2624, 2624
 6366: 2630,  742, 2625,  742
 6367: 2712, 2713, 2718, 2719
 6368: 2713, 2711, 2719, 2716
 6369: 2707, 2708, 2720, 2720
 6370: 2714, 2715, 2714, 2715
 6371: 2716, 2707, 2716, 2720
 6372: 2708, 2709, 2720, 2714
 6373: 2713, 2713, 2721, 2719
 6374: 2717,  766, 2722,  766
 6375: 2669, 2659, 2629, 2630
 6376: 2633,  742,  742,  742
 6377: 2723, 2723, 2723, 2723
 6378: 2723, 2716, 2679, 2725
 6379: 2720, 2720, 2726, 2726
 6380: 2714, 2724, 2727, 2724
 6381: 2716, 2720, 2725, 2726
 6382: 2720, 2714, 2726, 2727
 6383: 2715, 2723, 2679, 2723
 6384: 2723,  766, 2723,  766
 6385:  742,  742, 2638, 2645
 6386:  742,  742, 2639,  742
 6387: 2723, 2728, 2723, 2723
 6388: 2729, 2729, 2723, 2723
 6389: 2730, 2715, 2723, 2723
 6390: 2728, 2729, 2723, 2723
 6391: 2729, 2730, 2723, 2723
 6392: 2715, 2723, 2723, 2723
 6393: 2629, 2629, 2655, 2629
 6394: 2651, 2652, 2659, 2660
 6395: 2655, 2629, 2663, 2629
 6396: 2628, 2644, 2623, 2624
 6397: 2645, 2646, 2652, 2653
 6398: 2647, 2638, 2654, 2624
 6399: 2638, 2731, 2655, 2732
 6400: 2663, 2629, 2640, 2641
 6401: 2630,  742, 2642,  742
 6402: 2630,  742, 2630, 2723
 6403: 2631, 2632, 2733, 2723
 6404: 2632, 2632, 2733, 2723
 6405: 2660, 2661, 2733, 2723
 6406: 2662, 2632, 2733, 2723
 6407: 2663, 2732, 2628, 2732
 6408: 2648, 2666, 2656, 2657
 6409: 2650,  742, 2658,  742
 6410: 2628, 2629, 2628, 2636
 6411: 2630, 2733, 2630, 2723
 6412: 2723, 2733, 2733, 2723
 6413: 2679, 2733, 2733, 2723
 6414: 2628, 2732, 2628, 2732
 6415: 2628, 2629, 2623, 2624
 6416: 2644, 2638, 2624, 2624
 6417: 2638, 2638, 2629, 2675
 6418: 2638, 2638, 2686, 2636
 6419: 2638, 2645, 2651, 2652
 6420: 2646, 2647, 2653, 2654
 6421: 2643, 2732, 2624, 2734
 6422: 2631, 2632,  742,  742
 6423: 2632, 2632,  742, 2723
 6424: 2629, 2629, 2636, 2651
 6425: 2676, 2629, 2624, 2624
 6426: 2629, 2675, 2624, 2655
 6427: 2659, 2660, 2630,  742
 6428: 2661, 2662, 2723, 2723
 6429: 2632, 2735,  742,  766
 6430:  742,  742,  742, 2723
 6431:  742, 2723, 2723, 2723
 6432: 2723, 2733, 2733, 2679
 6433: 2723, 2723, 2733, 2723
 6434:  742,  742, 2723, 2723
 6435: 2629, 2659, 2687, 2630
 6436: 2632, 2632, 2723, 2733
 6437: 2632, 2663, 2723, 2628
 6438: 2630, 2723, 2630, 2723
 6439:  742,  742, 2679, 2679
 6440: 2655, 2636, 2663, 2669
 6441:  742, 2723,  742,  742
 6442: 2723, 2733,  742, 2723
 6443: 2723, 2723,  742,  742
 6444: 2636, 2630, 2629, 2630
 6445: 2733, 2679, 2723, 2733
 6446: 2733, 2628, 2723, 2628
 6447: 2630, 2723, 2630,  742
 6448: 2723,  766,  742,  766
 6449: 2638, 2638, 2655, 2636
 6450: 2638, 2638, 2651, 2624
 6451: 2638, 2643, 2624, 2624
 6452: 2638, 2731, 2624, 2734
 6453: 2663, 2629, 2628, 2629
 6454: 2659, 2632, 2630,  742
 6455: 2632, 2632, 2723,  742
 6456: 2632, 2735, 1337,  766
 6457: 2733, 2723, 2723,  742
 6458: 1337,  766, 1342,  766
 6459:   52,   52, 2736, 2737
 6460:   52,   52, 2738,   52
 6461:   52,   52, 2739, 2740
 6462: 2496, 2496, 2496, 2496
 6463: 2741, 2742, 2741, 2742
 6464: 2743, 2743, 2747, 2743
 6465: 2743, 2744, 2748, 2749
 6466: 2745, 2746, 2743, 2744
 6467:  236, 1014,  255, 1014
 6468: 1026, 2750, 2753, 2754
 6469: 2750, 2751, 2755, 2756
 6470: 2752, 1030, 2757, 1038
 6471: 2743, 2749, 2758, 2759
 6472: 1076, 1077,   52,   52
 6473: 2760, 2761, 1044, 1045
 6474: 1077, 1475,   52,   52
 6475:   52,   52,  127, 2762
 6476:   54,   54, 2738,   52
 6477:  243,  244, 1076, 2763
 6478:  244,  247, 2764, 1475
 6479:  168, 2765,  118, 2767
 6480: 2766,  236, 2768,  240
 6481:  217, 2769,  149,   52
 6482: 2758, 2758,   52,   52
 6483: 2759,  255,   52,   52
 6484: 1062, 1062,  999,  824
 6485: 1062, 1062,  824,  824
 6486:   52,   52, 2531, 2762
 6487:   52,   52, 2758, 2738
 6488:   52,   52,   52, 2745
 6489:   52,   52, 2746,  236
 6490: 1014, 1015, 1014, 1020
 6491: 1016, 1017, 1021, 1022
 6492: 1017, 1018, 1022, 1023
 6493: 2531, 2770, 2496, 2771
 6494: 2743, 2743, 2743, 2743
 6495: 2744,  255, 2749,   52
 6496: 1014, 1026, 1014, 1034
 6497: 2531, 2767,   54, 2769
 6498: 2743, 2743, 2758, 2738
 6499: 2743, 2743, 2772, 2745
 6500: 2768,  236, 2759,  255
 6501: 1014,  249, 1014,   52
 6502: 1866,  253, 1045,   54
 6503:  254,  255,   54,   54
 6504:   52, 2773,   52, 2773
 6505: 2774,   52, 2774,   52
 6506:  820, 2773,  966,  966
 6507: 2774,  820,  966,  966
 6508:  820,  539,  966,  966
 6509:  539,  824,  966,  966
 6510:  824,  824,  966,  966
 6511:  974,  975,  974, 2531
 6512:  976,  976,  225, 2506
 6513:  976,  977, 2736, 2737
 6514:   52,   52, 2738,   54
 6515:  975,  976, 2739, 2740
 6516:  974,   52,  974,  869
 6517:   52,  969,  872,  969
 6518:  974, 2531,  974,  999
 6519:   52,   53, 2495, 2496
 6520: 2743, 2768, 2743, 2744
 6521:  240,  225,  255,   52
 6522: 2506, 1065,   53, 1067
 6523: 1066,   52, 1068,   52
 6524:  974,  873,  974,  879
 6525:  876,  969,  882,  969
 6526: 2496,   54,   54,   52
 6527: 2741, 2775, 2741, 2776
 6528: 2748, 2749, 2777, 2778
 6529:   52, 2495,  236,   52
 6530:   52,  142, 2495,  152
 6531:  974,  886,  974,  154
 6532:  889,  969,  149,  969
 6533:  240, 2506,  240, 2495
 6534: 2512,  963, 2515,  967
 6535:  964,   52,  968,   52
 6536: 1077, 1475,   52,   53
 6537:  255,  257,   52,   52
 6538:   52, 2495,   52,   52
 6539:   52,   52, 2495,   52
 6540:   52, 2495, 1001, 1001
 6541:  124, 2736,  232, 2741
 6542: 2779, 2780, 2775, 2783
 6543: 2780, 2781, 2783, 2784
 6544: 2782,  236, 2785,  240
 6545: 2786, 2787, 2790, 2791
 6546: 2788, 2789, 2792, 1035
 6547:  820, 1076,  935,   52
 6548: 1077, 2760,   52, 1044
 6549: 2761, 1077, 1045,   52
 6550: 1526,   52, 1526,   52
 6551:  920,  575,  201,  201
 6552:  227,  388,  158,  163
 6553:  389,  227,  421,  380
 6554:  820,  820,  380,  571
 6555:   52,  158,  572,  169
 6556:  377,  573,  172,  571
 6557:  574,  173,  572,   52
 6558:   52,  573,  820,  820
 6559:  574,   52,  820,  820
 6560: 2552, 2552, 2547, 2562
 6561: 2564, 2583, 2563, 2564
 6562: 2584, 2572, 2572, 2580
 6563: 2580, 2563, 2563, 2564
 6564: 2580, 2572, 2572, 2580
 6565: 2564, 2582, 2563, 2564
 6566: 2565, 2566, 2569, 2566
 6567: 2566, 2566, 2566, 2566
 6568:  292, 2547,  292, 2562
 6569: 2562, 2572, 2572, 2580
 6570:  900,  894,  113,  894
 6571: 2575, 2576,  894,  894
 6572: 2577, 2558, 2567, 2793
 6573: 2550, 2558, 2567, 2793
 6574:  218,   52,   53,  218
 6575:  900,  894,   52,  894
 6576:  292,  242,  292,  824
 6577:  225,  225,  242,  225
 6578:   52,  894,  893,  894
 6579: 2575, 2576, 2567, 2793
 6580:  824,  242,  313,  242
 6581:  156,  149,  113,  893
 6582:  200,  353,  725,  200
 6583:  321,  824,  353,  915
 6584:  807,  807, 1553, 2794
 6585:  824,  824,  507,  159
 6586:   52,   52,  113,   54
 6587:  528,  165,  120,  182
 6588: 2566, 2581, 2566, 2585
 6589: 2563, 2564, 2582, 2563
 6590: 2563, 2564, 2564, 2572
 6591: 2563, 2564, 2580, 2563
 6592: 2583, 2584, 2564, 2563
 6593: 2572, 2580, 2564, 2563
 6594: 2614, 2611, 2564, 2614
 6595: 2566, 2585, 2566, 2585
 6596: 2563, 2564, 2580, 2572
 6597: 2550, 2586, 2567, 2793
 6598: 2575, 2576,  894,   52
 6599: 2575, 2576,  113,   52
 6600:   52,   52,   52,  894
 6601:  894,  898,  898,  669
 6602:  894,  894,  898,   52
 6603:   52,  893,  894,  894
 6604:  894,  898,  898,   52
 6605:  113,  669,   52,  266
 6606:  823,  267,   52,   52
 6607:  900,  894,   52,  900
 6608:   52,   52, 1566,  267
 6609:   52, 1566, 1566, 2795
 6610: 2795,  335,  335,  336
 6611: 2795,  335,  920,  336
 6612:  807,  808, 1317,  498
 6613:  824,  824,  159,  160
 6614:  941,  286,  669,  294
 6615:  669,  225,  266,  267
 6616:  294,  286,  267,  267
 6617:  198,  198,  198, 1600
 6618:  198,  511,  198,  198
 6619:  198,  198,  485, 2796
 6620:  198,  198,  542,  198
 6621:  198,  198,  198,  485
 6622:  198,  198, 2796,  542
 6623:  489,  202,  199,  200
 6624: 1312,  374,  220,  200
 6625:  741,  766,  741, 1343
 6626:  717,  718,  928,  772
 6627:  158,  163,  163,  198
 6628: 1921, 2797,  489, 2798
 6629: 1919,  198,  383,  198
 6630:  198, 1921,  198,  489
 6631: 2797, 1919, 2798,  383
 6632:  198,  199,  198,  198
 6633:  200,  374,  202,  200
 6634:  365,  113,  374,  365
 6635:  741,  750,  741,  742
 6636:  933,  355,  656,  284
 6637:   52,  525,   52,  169
 6638:  199,  204,  542,  198
 6639:  599,  198,  198,  198
 6640:  200,  202,  199,  211
 6641:  230,  567,  196,  567
 6642:  753,  757,  200,  753
 6643:   52,   52,  257,   52
 6644:  485, 2796, 1921, 2797
 6645:  198,  485,  198, 1921
 6646: 2796,  542, 2797, 1919
 6647:  198,  213,  198,  213
 6648:  199,  204,  198,  901
 6649:  599,  198,  198,  901
 6650:  489, 2798,  199,  204
 6651:  198,  198, 1600,  198
 6652:  198,  489,  198,  199
 6653: 2798,  383,  204,  599
 6654:  196,  567,  207,  374
 6655:  575,  321, 1312,  353
 6656:   53,  169,   52,  169
 6657:   52,  169,   54,  169
 6658:  199,  204,  198,  198
 6659:  599,  198, 1600,  198
 6660:  198,  213,  265,  213
 6661:  717,  718,  726,  718
 6662:  901,  198,  485, 2796
 6663:  198,  265,  198,  268
 6664:  268,  261,  261,  562
 6665:  199,  204,  452,  198
 6666:   52,   52,   53,   54
 6667:  198,  901,  901,  198
 6668: 2625,  742, 2633,  742
 6669:  742, 2693,  742, 2701
 6670: 2799, 2689, 2704, 2802
 6671: 2800, 2801, 2704, 2803
 6672: 2800, 2694, 2704, 2702
 6673: 2695, 2693, 2703, 2701
 6674:  748,  742,  742, 2626
 6675:  742,  742, 2627, 2723
 6676:  742,  748, 2723, 2723
 6677:  742,  742, 2723, 2626
 6678:  748,  742, 2723, 2723
 6679:  742, 2706, 2627, 2626
 6680: 2707, 2708, 2627,  742
 6681: 2804, 2805, 2807, 2808
 6682: 2804, 2806, 2807,  742
 6683: 2804, 2707, 2807,  742
 6684: 2708, 2706, 2626, 2627
 6685: 2630,  748, 2630,  742
 6686:  742, 2634,  742, 2723
 6687: 2635, 2723, 2723,  748
 6688: 2723, 2723,  742, 2679
 6689: 2723, 2634,  742, 2733
 6690: 2635, 2723, 2733,  742
 6691: 2723, 2723, 2679,  742
 6692: 2723, 2634,  742, 2723
 6693: 2635, 2634, 2723,  742
 6694: 2635, 2637,  742, 2628
 6695: 2647, 2638, 2654, 2655
 6696: 2634, 2635,  742,  742
 6697: 2630,  742, 2630,  748
 6698:  742, 2723,  742, 2723
 6699: 2723,  742, 2723,  742
 6700:  742, 2679,  742, 2679
 6701:  742, 2733,  748, 2733
 6702: 2733,  742, 2733,  742
 6703: 2679,  742, 2679,  742
 6704:  748, 2723,  742, 2723
 6705: 2723,  748, 2723,  742
 6706: 2660, 2661,  742, 2723
 6707: 2662, 2663,  742, 2628
 6708:  742,  742,  742, 2637
 6709: 2644, 2639, 2629, 2630
 6710:  748, 2723,  742, 2626
 6711: 2723,  742, 2627, 2723
 6712:  748, 2679, 2723, 2723
 6713:  742, 2733, 2723, 2626
 6714: 2733,  742, 2627, 2723
 6715: 2679,  742, 2723, 2723
 6716:  742, 2723, 2723, 2626
 6717: 2723,  742, 2627,  748
 6718: 2679, 2723,  742, 2723
 6719: 2679, 2628,  742, 2628
 6720:  742, 2634,  742,  742
 6721: 2635, 2723,  742,  742
 6722: 2723, 2634,  742,  742
 6723: 2723, 2723,  748,  742
 6724: 2635,  742,  742,  742
 6725: 2669, 2630, 2669, 2630
 6726: 2636, 2630, 2629, 2644
 6727:  748, 2628, 2638, 2643
 6728:  347, 2809,  347,  544
 6729: 2632, 2632, 1785, 1785
 6730: 2660, 2661, 1785, 1785
 6731: 2661, 2662, 1785, 1785
 6732: 2632, 2632, 1800,  742
 6733:  347,  544,  347,  362
 6734:  452,  421,  173,  165
 6735:  421, 1927,  165,  165
 6736: 1927,  421,  165,  165
 6737: 1766, 2637, 1766, 2628
 6738: 2638, 2639, 2675, 2630
 6739:  742,  742,  748, 2626
 6740:  742, 2723, 2627, 2733
 6741: 2723, 2723, 2733, 2626
 6742: 2723, 2723, 2627,  742
 6743:  742, 2628, 2637, 2643
 6744: 1784, 1785, 1768,  421
 6745:  347,  362,  564,  344
 6746:   52,   52,   52, 2723
 6747: 2679, 2679, 2723, 2723
 6748:  113,   53, 2723,   52
 6749: 1766, 2628, 1766, 2628
 6750:  742, 2634,  742, 2626
 6751: 2635, 2723, 2627, 2733
 6752: 2723, 2634, 2733, 2626
 6753: 2635,  748, 2627,  742
 6754: 1768,  421, 1768,  164
 6755:  549,  538,  564,  549
 6756:  536, 2723,  538, 2723
 6757: 2723, 2733, 2733, 2733
 6758: 2723, 2723, 2723, 2733
 6759: 2723,   52, 2723,   52
 6760: 1766, 2628, 1766, 2623
 6761: 2635,  742, 2627,  742
 6762: 1768,  377, 1768,  377
 6763:  853,  347,  853,  347
 6764:  362, 2723,  362, 2733
 6765: 2723, 2733, 2723, 2723
 6766: 2733,   52, 2723,   52
 6767: 1766, 2631, 1799, 1785
 6768: 2632, 2633, 1785, 1785
 6769:  748, 2634, 1785, 1785
 6770: 2635, 2723, 1785, 1785
 6771: 2723, 2634, 1785, 1785
 6772: 2635,  742, 1785, 1785
 6773:  742,  742, 1785, 1785
 6774:  742,  748, 1785, 1785
 6775: 1768,  377, 1786,  377
 6776:  362, 2723,  362, 2723
 6777: 2733, 2723, 2723, 2723
 6778: 2733, 2733, 2733, 2723
 6779:  169,  421,  173,  165
 6780:  421,  377,  165,  172
 6781: 2723, 2723,   52, 2679
 6782: 2723, 2723, 2679,   52
 6783:   52,   53,  450,  536
 6784:  344,  538,  564,  549
 6785:  469,  469,  262,  357
 6786:  469,  538,  358,  549
 6787:  260,  469,  689,  262
 6788:  742,  742, 2723,  742
 6789:  742, 2637,  742, 2623
 6790: 2638, 2639, 2624, 2625
 6791: 2637, 2638, 2628, 2629
 6792: 2638, 2731, 2629, 2732
 6793: 2628, 2669, 2623, 2624
 6794: 2639,  742, 2625,  742
 6795: 2624, 2734, 2632, 2810
 6796:  213,  197,  196,  197
 6797: 2631, 2632,  748,  742
 6798: 1785, 1800,  421, 1799
 6799: 1775, 1825, 1829,  421
 6800: 1785, 1785,  421,  421
 6801: 1785,  213,  421,  213
 6802: 2638, 2811, 2629, 2666
 6803: 2638, 2638, 2676, 2629
 6804: 2643, 2676, 2629, 2673
 6805: 2639,  742, 2630, 2679
 6806:  742, 2637, 2679, 2623
 6807:  742,  742, 1784, 1785
 6808: 1768,  421, 1786,  421
 6809:  164,  452,  377,  173
 6810:  421,  421,  166,  535
 6811:  421,  421, 1911, 1764
 6812: 1911,  213, 1916,  213
 6813: 2629, 2629, 2629, 2673
 6814: 2649, 2666, 2666, 2629
 6815: 2666, 2678, 2670, 2629
 6816: 2666, 2666, 2629, 2649
 6817: 2666, 2629, 2636, 2629
 6818: 2630,  742, 2630, 1784
 6819:  742, 2631, 1785, 1785
 6820:  173,  452,  158,  163
 6821: 2625, 1768, 2633, 1768
 6822:   53,  507,   52,  514
 6823:  163,  421,  421, 1763
 6824: 1905, 2628, 1907, 2628
 6825: 2669, 2732, 2636, 2732
 6826: 2629, 2630, 2676, 2630
 6827: 1784, 1785, 1768, 2723
 6828: 2723, 1785, 2723, 2723
 6829: 1785, 1786,  421,  421
 6830:  421,  377,  421,  377
 6831:   52,  523,  872,  528
 6832:  421, 1766,  452, 1812
 6833:  742, 2623, 1800, 2631
 6834: 2655, 2732, 2663, 2732
 6835: 2723,  421, 1768,  421
 6836: 2723,  421, 2723,  421
 6837: 2723,  164,  164,  172
 6838:  165,  165,   52,   53
 6839: 1799, 1800, 1911, 1916
 6840: 1786,  421,  421,  421
 6841:  377, 1603,  377, 1608
 6842:  889,   52,  149,  507
 6843:  158,  163,  163,  421
 6844: 2643, 2732, 2629, 2732
 6845:  421,  164,  165,  172
 6846:  172, 1613,  869,  870
 6847:   53,   52,  495,  161
 6848:   52,  528,   52,   52
 6849:  368,  421,  169,  421
 6850: 2629, 2732, 2636, 2732
 6851:  158,  159,  381,  421
 6852:  160,  499,  421,  421
 6853:  500,  501,  421,  421
 6854:  502,  496, 1900, 1764
 6855:  163, 1911, 1764, 1916
 6856: 1916, 2628,  742, 2623
 6857: 2629, 2732, 2624, 2734
 6858: 1900, 1909, 1902, 1908
 6859: 1910,  742, 1825, 1785
 6860: 2632, 2810, 1800,  213
 6861:   53,  173,   52,   52
 6862:  421,  503,  166,  167
 6863: 1799,  213,  452,  213
 6864:  173,  206,   52,  206
 6865:  450,  206,  469, 2812
 6866:  196,  197, 2813,  197
 6867:  198,  170,  901,  198
 6868:  357,  357,  170,  198
 6869:  357,  357,  901,  198
 6870:  357,  357, 1600,  171
 6871:  358,  347,  540,  347
 6872:  380,  206,  511,  206
 6873:  196,  262,  196,  197
 6874:  357,  263, 1600,  198
 6875: 1133,  824,  242,   52
 6876:  824,  824,   54,   52
 6877:  824,  820,   52,   52
 6878:   54,   54,   52,  181
 6879:   54,  137,  182,    8
 6880:   52,   52,  113,  527
 6881:  113,  527,   52,   52
 6882:  113,   52,   52,   54
 6883:   52,  231,   52,  242
 6884: 1346,  742,  748,  749
 6885:  748, 1333, 1642,  907
 6886:   52,  242,  569,  242
 6887:   52,  137,   54,  241
 6888:  742,  748,  756,  756
 6889:  113,   52,  824,  824
 6890: 1643,  242,  820,  264
 6891:   54,   52,  820,  820
 6892:  390,  487,  487,  491
 6893:   52,  113,  935,   52
 6894:  669,  137,  669,  241
 6895:  266,  267,   52,   52
 6896:  267,  154,   52,   52
 6897:   29,   30,  216,  214
 6898:  148,  157,  124,   52
 6899:  232,   52,   52,  487
 6900:  227, 1527,   52,  176
 6901:  569,   54,  569,   52
 6902:   54,  569,   52,  569
 6903:  390,   52,   52,  331
 6904:   52,  137,  313,  241
 6905:   52,  569,  365,  569
 6906:  385,  920,  389,  201
 6907:  915, 1070,  201,  201
 6908:  227,  388,  894,  894
 6909:  389,  227,  894,  898
 6910:  227,  227,  571,  572
 6911:   52,  158,  365,  173
 6912:  362,  893,  506,  894
 6913:  898,   52, 1017, 1017
 6914:  573,  574, 1018, 1019
 6915:  390,  900,   52,   52
 6916:  894,   54,  819,  820
 6917: 1022, 1022, 2814, 2815
 6918:  236,  154,  240,   52
 6919: 2816, 2817,  251,  252
 6920:  118,  824,  217,   52
 6921:  242,   52,  242, 1643
 6922:  894,  894,  364,  364
 6923:  820,   52,  364,  364
 6924:   30,   28,  214,  215
 6925:  157,  222,   52,  190
 6926:  232,  174,   52,  176
 6927:  127,  231,  168,   52
 6928:  148,  149,  124,  174
 6929:  155,  156,   52,   53
 6930:   52,  113,  127,   52
 6931:   52,  154,  113,   52
 6932:  232,  176,   52,  137
 6933:  269,  218,  218,  225
 6934:  218,  218,  218,  225
 6935:  218,   52,  218,   52
 6936:  218,  225,  225,   52
 6937:  118,   52,   90,  120
 6938:   53,  137,  121,  241
 6939:  123,  154,  124,   52
 6940:  118,  113,   90,  120
 6941:  156,  149,   52,  181
 6942:   52,  113,   38,  120
 6943:   52,  269,  269,  218
 6944:  225,  226,  225,  225
 6945:   52,  154,   53,   52
 6946:   54,   54,  182,   38
 6947:   52,  113,  120,  121
 6948:  156,  149,   53,  113
 6949:  154,  222,  226,  190
 6950:  113,  231,   52,   52
 6951:  127,   52,  168,  174
 6952:   52,   53,  175,  126
 6953:   52,  231,   53,   52
 6954:   52,   52,   53,  181
 6955:  118,  176,  217,  137
 6956:   53,   52,   52,  113
 6957:   53,  185,   52,  190
 6958:  149,  241,   52,  154
 6959:  217,   53,  149,   52
 6960:  113,  348,  348,  354
 6961:  349,  350,  562,  563
 6962:  350,  350,  563,  563
 6963:   52,  361,  349,  372
 6964:  354,  562,  562,  565
 6965:  565,   52,   52,  113
 6966:  562,  563,  565,  113
 6967:  565,   52,   52,   53
 6968:  123,  142,  124,  152
 6969:  212,  374,  219,  200
 6970:  113,   52,  364,  364
 6971:  232,   52,   52,  158
 6972:  630,   52,  631,  113
 6973:  159,  163,  421,  164
 6974:  164,  165,  172,  348
 6975:  165,  172,  349,  350
 6976:  518,   53,  379,  160
 6977:  113,  514,  496,  381
 6978:  511,  159,  164,  165
 6979:  380,   52,  172,  348
 6980:   52,  173,  349,  350
 6981:  165,  172,  350,  350
 6982:  348,  354,  372,  262
 6983:  360,  509,  370,  350
 6984:  535,  165,  350,  350
 6985:  165,  166,  350,  350
 6986:  167,   52,  350,  350
 6987:  164,  172,  377,   52
 6988:  348,  354,  354,  262
 6989:  357,  263,  901,  198
 6990:  198, 1600,  170,  198
 6991:   52,   52,  226,  158
 6992:  377,   52,  511,  380
 6993:  232,   53,   52,   52
 6994:   54,  218,   53,  225
 6995:  225,  173,  225,   52
 6996:  452,  511,  173,  452
 6997:   52,   54,  496,  380
 6998:  158,  163,  169,  198
 6999:   52,  509,  350,  351
 7000:  510,  534,  352,  173
 7001:  198,  511,  452,  198
 7002:  163,  164,  198,  377
 7003:  295,  494,  295,  305
 7004:   52,  348,   52,  354
 7005:  173,  452,  352,  173
 7006:  567,   52,  567,  242
 7007:  269,  218,  248, 1015
 7008:  225,  226, 1016, 1017
 7009:   52,   52,   52,  361
 7010:  348,  206,  354,  562
 7011:  567,  242, 2818,  264
 7012:  350,  372,  563,  563
 7013:  562, 2818, 2818,  822
 7014:   52, 1026,  113, 1034
 7015:   52,  493,  113,  493
 7016:  362,  507,  362,  525
 7017:  163,  511,  198,  198
 7018:  380,   52,  511,  512
 7019:   52,  824,   54,   54
 7020:   52,  113,   52,   54
 7021:   52,  249,   54,   54
 7022:  250,  251,   52, 1044
 7023:  252,  253, 1045,   52
 7024:  362,  163,  544,  171
 7025:  198,  529,  171,  377
 7026:  158,  159,  169,  164
 7027:  717,  740,  760,  717
 7028:   52,  487,  364,  628
 7029:  527,  527,  364,  364
 7030:  173,  172,  364,  364
 7031:  544,  198,  383,  198
 7032:  901,  377,  198,  511
 7033:   52,  294,   54,   52
 7034: 1312, 1312,  227,  227
 7035: 1312,  630,  227,  631
 7036:  158,  159,  169,  198
 7037:  380,  687,  377,  688
 7038: 1312,  339,  204,  599
 7039:  511,  380,  198,  511
 7040:   54,   54,  380,   54
 7041:  163,  198,  165,  452
 7042:  198,  198,  198,  164
 7043:  361,  349,  372,  262
 7044:  360,   52,  370,  350
 7045:   52,  173,  351,  352
 7046:  452,  164,  173,  172
 7047:  508,  167,   52,  256
 7048:  357,  263,  198,  171
 7049:  169,  421,  531,  421
 7050:  421,  421,  421,  171
 7051:  421,  421,  170,  421
 7052:  171,  421,  198,  421
 7053:  421,  213,  164,  213
 7054:  901,  421,  421,  421
 7055:  421,  421,  164,  165
 7056:  198,  421,  165,  165
 7057:   52, 2819, 2819, 2820
 7058:  746,  746,  730,  711
 7059:  752,  528,  723,   52
 7060:  421,  421,  421,  170
 7061: 2821,  711, 2822, 2823
 7062:  723,   52,  723,   52
 7063:  452,  421,  509,  510
 7064:  421,  421,  534,  421
 7065:  301,  292,  301,  353
 7066:  313, 2822,  321,  313
 7067: 2823,  711, 2822,  731
 7068:  723,  225,  713,  225
 7069:  334,  820,  575,  321
 7070:  267,  941,  313,  669
 7071:   52, 1133,   52,  242
 7072:  824,  820,  331,  335
 7073:  201,  353,  342,  570
 7074:  321,  669,  292,  669
 7075: 2824,  301,  718,  301
 7076:  292,  669,  292,  669
 7077:   52,  242,  539,  242
 7078: 2825,  732,  709,  740
 7079:  919,  732,  717,  761
 7080:  539,  539,  539,  539
 7081:  539,  242,  539,  242
 7082:  717,  729,  710,  711
 7083:  717,  717, 1698,  717
 7084:  718,  301,  933,  355
 7085:  292,  669,  284,  669
 7086:  709,  806,  922,  808
 7087:  717,  761,  760,  717
 7088:  717,  758,  717,  717
 7089:  656,  284,  285,  820
 7090:  293,  669,  267,  267
 7091:  294,  286,  824,  820
 7092:  160,  161,  421,  511
 7093:  257,   52,  380,  495
 7094:   52,  495,  499,  500
 7095:  499,  159,  164,  165
 7096:  159,  380,  166,  167
 7097:   52,  173,  536,   52
 7098:  511,  163,  421,  421
 7099:  421,  164,  164,  172
 7100:  680,  357, 1706, 1706
 7101:  357,  357, 1707, 1918
 7102:   52,   52,   53,  487
 7103:  199,  200,  209, 2826
 7104: 1312, 1312,  221,  221
 7105:  220,  376, 1312,  339
 7106:  339,  390,  390,  158
 7107:   52,  113,  380,   52
 7108:  225,  219,  225,  225
 7109:  200, 1312,  219,  227
 7110:  227,  390,  159,  159
 7111:  158,  163,  163,  164
 7112:  377,  174,  172,  176
 7113:  127,  225,  168,  174
 7114:  225,  225,  175,  126
 7115:  225,  225,  127,   52
 7116:  452,  198,  173,  165
 7117:  168,  174,  118,  176
 7118:   52,  113,  175,  126
 7119:  217,  137,  149,  241
 7120:  168,  181,  118,  185
 7121:  182,   38,   17,   18
 7122:  120,  195,   19,  203
 7123:   52,  894,   52,  900
 7124:  899,  154,  894,  894
 7125:  155,  156,  894,  899
 7126:  217,  190,  149,  231
 7127: 1312,  201,  342,  342
 7128:  900,  894,  334,  334
 7129:  894,  894,  334,  334
 7130:  894,  898,  334,  334
 7131:  134,  206,   52,  206
 7132:  575,  575, 1312, 1312
 7133:  717,  717,  740,  726
 7134:  230,  196,  196,  196
 7135:  725,  230,  718,  196
 7136:  292,  899,  292,  894
 7137:  768,  807,  262,  357
 7138:  807,  807,  357,  357
 7139:  808,  760,  358,  759
 7140:  718,  196,  718,  196
 7141:  292,  894,  292,  894
 7142:  894,   53,  894,  256
 7143:  196,  196,  261,  261
 7144:  772,  262,  262,  263
 7145: 1709, 1709, 1843, 1706
 7146: 1709, 1709, 1706, 1707
 7147:  894,  260,  898,  206
 7148:  263,  265, 1709,  268
 7149:  344, 1708,  358,  344
 7150:  292,  894,  292,  898
 7151: 1706,  689,  357,  357
 7152:  198,  198,  901,  382
 7153:  362,  381,  809, 1765
 7154:  421,  213,  421,  213
 7155: 1600,  198,  198,  265
 7156: 1344, 1912, 1346, 1906
 7157:  421,  213, 1901,  213
 7158:  265,  268,  268,  262
 7159:  376,  339,  494,  376
 7160:  200,  753,  219,  211
 7161:  757,  742,  741,  742
 7162: 1884,  489,  742,  750
 7163:  347,  494,  347,  347
 7164:  376,  339,  494,  390
 7165:  750,  211,  742,  766
 7166:  362,   52,  362,  899
 7167:  742,  742,  742, 1430
 7168: 1430,  766, 1436,  261
 7169:  362,  894,  362,  894
 7170:  899,   52,  898,   53
 7171:  764,  742,  765,  742
 7172: 1431, 1436, 1438,  689
 7173:  362,  898,  362,   52
 7174:   52,   53,   52,  226
 7175:  765,  742,  765,  742
 7176:  742,  742, 2488,  802
 7177: 1436,  261,  766,  207
 7178:  262,  357,  208,  209
 7179:  357,  357,  209,  209
 7180:  263,  198,  209,  209
 7181:   52,  495,  158,  163
 7182:  499,  206,  421,  489
 7183: 2486,  742,  753,  757
 7184:  742,  742, 1931,  742
 7185: 2489,  575,  201,  201
 7186: 1343,  202,  202,  200
 7187:  198,  901,  210,  198
 7188:  200,  753,  199,  200
 7189:  756, 1934,  201, 1832
 7190:  742,  803,  742,  742
 7191:  204,  204, 1912,  421
 7192:  200,  202,  199,  200
 7193:  344,  538,  344,  344
 7194:  536,  173,  538,   52
 7195:  198,  421,  421,  171
 7196:  198,  199,  198,  421
 7197:  204, 1938,  198, 1883
 7198:  742,  742,  742, 1775
 7199: 1906, 1765, 1825, 1797
 7200: 2827, 2828,  228,  229
 7201:  421,  421,  165,  452
 7202:  171, 1812,  421,  421
 7203: 1785, 1877,  171,  421
 7204: 1776, 1829,  421,  164
 7205:  421,  171,  165,  165
 7206:  421,  519,  165,  526
 7207:  362,   52,  362,  527
 7208:  166,  510,  527,   52
 7209:  508,  167,   52,   52
 7210:   52,  539,  536,   52
 7211:  225,   52,  539,  539
 7212:  225,  539,  539,   52
 7213:  206,  196,  261,  262
 7214:  260,  261,  689,  262
 7215:  544,  358,  544,  369
 7216:  198,  265,  265,  268
 7217: 1917,  369, 1918, 1917
 7218:  347,  347,  344,  344
 7219:  369,  358, 1917,  369
 7220:  268,  262,  262,  263
 7221:  358, 1918,  369,  358
 7222: 1917,  198, 1918, 1917
 7223:  198,  198,  198,  265
 7224:  198,  198, 1917,  198
 7225:  268,  262,  213,  197
 7226:  339,  599,  599,  198
 7227: 2829,  209,  201,  201
 7228:  387,  339, 2830,  376
 7229:  387,  201,  339,  903
 7230:  540,  494,  540,  347
 7231:  198,  382,  198,  540
 7232: 1346, 2831, 2831, 2834
 7233: 2832, 2832,  711,  711
 7234: 2833,  742, 2835, 2833
 7235:  742, 2831, 2831, 2834
 7236:  809, 2831,  809, 2837
 7237: 2834,  711, 2838, 2839
 7238:  711,  711, 2840, 2841
 7239: 2836,  711,  711,  711
 7240:  711, 2835,  711,  711
 7241: 2834,  711,  711,  711
 7242:  711,  711, 2838, 2839
 7243:  711, 2836,  711,  711
 7244:  809, 2837,  809, 2837
 7245: 2842, 2843, 2850, 2851
 7246: 2844, 2845, 2851, 2852
 7247:  711,  711,  711, 2836
 7248: 2846,  711,  711,  711
 7249: 2847,  711,  711,  711
 7250:  711, 2846,  711,  711
 7251: 2848, 2849,  711,  711
 7252: 2853, 2854, 2862, 2863
 7253: 2855, 2856, 2864, 2865
 7254: 2857, 2858, 2219, 2231
 7255:  711, 2859,  711, 2866
 7256: 2860, 2861, 2867, 2868
 7257: 2859,  711, 2869,  711
 7258: 1344, 2837, 1346, 2837
 7259:  717,  710,  717,  722
 7260:  711, 2859,  711, 2874
 7261: 2219, 2231, 2875, 2876
 7262: 2859,  711, 2877,  711
 7263:  729,  722,  711, 2878
 7264: 2870, 2871, 2879,  711
 7265: 2872, 2873,  711, 2880
 7266:  727,  758, 2881,  727
 7267: 2831, 2834, 2886, 2887
 7268:  710,  711,  710, 2888
 7269:  711, 2882, 2889, 2890
 7270: 2883, 2884, 2891, 2892
 7271: 2885,  711, 2893, 2894
 7272:  711, 2836, 2895,  711
 7273: 2846,  711,  711, 2896
 7274:  540,  809,  369,  358
 7275:  794, 2886,  800,  794
 7276: 2887,  727, 2886, 2887
 7277:  717,  717,  727,  729
 7278:  717,  717,  729,  722
 7279:  722, 2897,  711, 2897
 7280: 2891, 2898, 2902, 2903
 7281: 2899, 2900, 2904, 2904
 7282: 2898, 2892, 2905, 2906
 7283: 2901,  711, 2901,  711
 7284:  794, 2886,  800, 2831
 7285: 2887,  711, 2834,  711
 7286:  711, 2897,  711, 2897
 7287: 2902, 2907, 2902, 2907
 7288: 2908, 2909, 2911, 2912
 7289: 2910, 2906, 2910, 2906
 7290:  542,  198, 1919,  542
 7291:  198, 1911,  198, 1766
 7292: 1882,  540, 1768,  540
 7293: 2902, 2913, 2916, 2917
 7294: 2914, 2914, 2917, 2917
 7295: 2915, 2906, 2917, 2918
 7296:  722,  711, 2919, 2920
 7297:  358, 1919,  369,  358
 7298:  542, 1766, 1919, 1766
 7299:  809, 2837,  809, 2886
 7300:  711,  711, 2887,  711
 7301:  711, 2921, 2857, 2858
 7302: 2922, 2923,  751,  758
 7303: 2924, 2925, 2930, 2931
 7304: 2926, 2927,  758,  735
 7305: 2928,  711, 2857, 2858
 7306:  710, 2919,  710, 2932
 7307: 2929,  742,  791,  792
 7308:  347, 1766,  544, 1766
 7309: 2837,  711, 2837,  711
 7310: 2219, 2231, 2848, 2849
 7311: 1698,  717,  727,  729
 7312: 2930, 2931, 2930, 2931
 7313:  710, 2932,  710, 2932
 7314:  799,  736,  766,  741
 7315:  809,  742,  809, 2831
 7316: 2837,  711, 2834,  711
 7317: 2933, 2934, 2935, 2936
 7318:  722, 2932,  711, 2932
 7319: 1343,  753,  750,  200
 7320:  544, 1766,  544, 1799
 7321: 1768,  540, 1786,  540
 7322: 2878, 2373,  711,  711
 7323: 2372, 2881,  711,  711
 7324:  711, 2872,  711,  711
 7325: 2873, 2870, 2880, 2879
 7326:  742,  750, 2835, 2832
 7327:  200,  202,  750,  211
 7328:  735, 2835,  717,  735
 7329: 2833,  742, 2932, 1430
 7330: 1430, 1436, 2937,  261
 7331:  751,  758, 1698,  717
 7332:  717,  722,  722,  711
 7333: 2932, 2937, 2932,  766
 7334: 2932,  766, 2932,  766
 7335:  758,  735,  729,  722
 7336: 2878, 2879,  711,  711
 7337: 2932,  766, 2932, 1343
 7338:  751,  735,  717,  710
 7339: 2932,  750, 2932,  742
 7340:  751,  717,  925,  717
 7341: 2932,  742, 2835, 2833
 7342:  200,  201,  750,  903
 7343:  926,  710,  729,  722
 7344: 2832, 2833,  711, 2932
 7345:  711, 2938, 2887,  711
 7346:  733, 2835, 2938,  711
 7347:  711,  711, 2872, 2372
 7348: 2870, 2932, 2879, 2932
 7349: 2886, 2920, 1359,  793
 7350: 2920, 2887,  794, 2837
 7351: 2873,  711, 2880, 2881
 7352: 2938, 2939, 2940, 2941
 7353:  711, 2932,  711, 2835
 7354:  742,  742, 2833,  742
 7355:  742, 1343,  742,  750
 7356:  737,  774,  742, 1333
 7357:  800, 2837,  809, 2837
 7358: 2942,  711,  711,  711
 7359: 2943, 2944, 2945, 2946
 7360: 2835, 2833,  711, 2835
 7361:  756,  907,  201,  339
 7362: 1698,  717,  727,  717
 7363:  740,  925,  717,  926
 7364: 2947, 2948,  711,  711
 7365:  903, 1346, 2832, 2832
 7366: 2831, 2834, 2834,  711
 7367:  711,  733, 2938,  711
 7368:  711,  711,  711, 2919
 7369: 2932,  742, 2929, 1430
 7370:  197,  170,  197,  901
 7371:   52,  509,  113,  348
 7372:  535,  165,  349,  350
 7373:  165,  165,  351,  352
 7374:  165,  165,   53,   52
 7375:  206,  197,  212,  208
 7376: 1312,  339,  227,  390
 7377:  390,  256,  256,  260
 7378:   54,   52,  450,  450
 7379:  469,  689,  357,  357
 7380:  198,  170,  209,  209
 7381:  901,  382,  382,  387
 7382:  387,  201,  339,  227
 7383:  387,  339,  494,  390
 7384:  390,  893,  893,  894
 7385:  894,  894,   52,  894
 7386:  219,  211,   52,  212
 7387:  894, 1659,  894, 1664
 7388:  899,  219,  894,  899
 7389:  163,  511,  452,  164
 7390:  198,  164,  198,  377
 7391: 1660, 1670, 1665,  894
 7392: 1671, 1659,  894, 1664
 7393:  899,  539,  894,  539
 7394:   52,  507,   52,  514
 7395:  163,  198,  198,  198
 7396:  198,  377,  198,  532
 7397:  362, 1659,  362, 1664
 7398: 1671,  894,  894,  894
 7399:  894, 1670,  894,  894
 7400: 1660,  539, 1665,   52
 7401:   52,   52, 2819,  746
 7402:  900,  894,  746,  746
 7403:   52,  226,  159,  159
 7404:  164,  526,  172,   52
 7405:  362, 1670,  506,  898
 7406: 1671,  894, 2819,  746
 7407:  894,  894,  746,  746
 7408:  894, 1670,  746,  746
 7409: 1671, 2819,  746, 2820
 7410: 2820,  711,  711,  711
 7411:  730,  711,  711,  733
 7412:  540,  494,  540,  362
 7413:  390, 2819,  893, 2821
 7414: 2820,  751,  751,  717
 7415:  758,  758,  717,  717
 7416:  758,  758,  726,  717
 7417:  758,  735,  717,  726
 7418:  509,  535,   52,   52
 7419:  166,  167,   52,   52
 7420:  894, 2821,  352, 2821
 7421: 1698,  726, 1698,  717
 7422:  717,  761,  761,  717
 7423:  761,  761,  740,  717
 7424:  761,  717,  717,  717
 7425:  717,  717,  761,  717
 7426:  450,  450,  468,  537
 7427:  359, 2821,  362, 2821
 7428:  761,  717,  761,  717
 7429:  726,  717,  717,  761
 7430:  344,  538,  347,  362
 7431:  362, 2821,  362, 2822
 7432:  727,  717, 2823,  727
 7433:  717,  717,  740,  722
 7434:  729,  729,  730,  711
 7435:  729,  729,  711,  711
 7436: 2822, 2823,   52, 2822
 7437:  727,  729,  731,  731
 7438:  729,  729,  731,  731
 7439:  722,  711,  731,  731
 7440:  711,  733,  731,  731
 7441:  711,  730,  731,  731
 7442:  362,  894,  362,  900
 7443: 2949, 2950, 2952, 2953
 7444: 2951,  894, 2954,  898
 7445:  894, 2819, 2819, 2820
 7446:  746,  746,  711,  730
 7447:  746,  747,  712,  713
 7448:   52, 1656, 1656, 2955
 7449: 1657, 1658, 2956, 1669
 7450: 2957, 2958,   52, 2957
 7451: 2954,   52, 2960,   52
 7452: 2821,  730, 2821,  733
 7453:  712,  731,  745,  747
 7454:  713,   52,   52,   52
 7455: 1666, 2956, 1672, 1678
 7456: 2959, 1677, 1677,   52
 7457:  263,  540,  198,  540
 7458:   52,   52,   52,  893
 7459: 2822,  731,  899,   52
 7460:  731,  713,   52,  893
 7461:  894,  894,  898, 2949
 7462:  894,  894, 2950, 2950
 7463:   52,   52,  894,  894
 7464: 2949, 2961, 2963, 2953
 7465: 2962, 2953, 2953, 2953
 7466:  198, 1600,  198,  198
 7467:  362,   52,  506,   53
 7468: 1600,  198,  209,  209
 7469:  198,  901,  209,  209
 7470:  382,  382,  209,  387
 7471:  387,  339,  339,  390
 7472:  209,  387, 1312,  339
 7473: 1923, 1924, 1925, 1926
 7474:  199,  200,  210,  199
 7475: 2950, 2951, 2953, 2954
 7476:  227,  390,  893,  894
 7477:  893,  899,  894,  894
 7478:  219,  200,  899,  219
 7479:  199,  211,  210,  213
 7480:  894,  898,  746,  746
 7481:  226,   54,  746,  752
 7482:   54,  894,   54,  894
 7483: 2957, 2958,  899, 2957
 7484: 2953, 2964, 2965, 2966
 7485:  711,  711,  730,  733
 7486:  730,  723,  711,  723
 7487:   54,  894,  894,  894
 7488:  894,  206,  894,  206
 7489:  730,  723,  735,  723
 7490: 1670, 1671,  894,  894
 7491:  894,  898,  894,  899
 7492:  894,  894,  898,  900
 7493:  710,  723,  710,  723
 7494:   52, 2819,  899, 2821
 7495:  747, 1670,  745,  746
 7496: 1671,  894,  746,  746
 7497:  894,  894, 2967,  894
 7498:  894,  898,  898,  348
 7499:  348,  206,  354,  262
 7500:  197,  213,  263,  213
 7501:  726,  717,  717,  740
 7502:  894,   54,  894,  894
 7503:  894,  894, 1659, 1660
 7504:  894, 2821,  894, 2821
 7505:  712,  731,  723, 1659
 7506:  731, 2823, 1660, 2821
 7507:  723,  894,  723,  900
 7508:  894,   52,   52,  348
 7509:  262,  263,  263,  485
 7510:  485,  213, 1921,  262
 7511:  729,  729,  733,  711
 7512:  722,  723,  711,  723
 7513:  894,  898,  894, 2819
 7514:   52,  900,  746,  752
 7515:  723, 1664,  723, 1670
 7516: 1665, 2821, 1671, 2821
 7517:  723,   52,  723,  893
 7518:  198, 1921,  198,  213
 7519:  262,  198,  197,  198
 7520:  711,  711,  731,  731
 7521:  730,  723,  731, 2968
 7522:  730,  723,  712, 2968
 7523:  894, 2821,  898, 2969
 7524:  745,  746,  731,  731
 7525:  746, 2820,  731,  731
 7526:  723,  894, 2968,  894
 7527:  899,  206,  894,  212
 7528:  894, 2970,  894,  894
 7529: 2968,  894,  894,  894
 7530:   52,  893,  893,  894
 7531: 1670, 1671,  894,   54
 7532: 1671,  894,  894,   54
 7533:  899,   52,  894,  899
 7534:  570,  197,  206,  197
 7535:  213,  197,  489,  208
 7536:  894,  894, 2951,  894
 7537: 2953, 2953, 2953, 2953
 7538: 2954,  894, 2954,  894
 7539:  227,  227,  242,   52
 7540:  331, 2971,  335,  336
 7541:  342,  342,  732, 1311
 7542: 1917,  540, 1918,  540
 7543:  362,  233,  362,  237
 7544:  717,  926,  717,  717
 7545:  362,  243,  362,  249
 7546:  244,  245,  250, 1865
 7547:  246,  244, 1866,  253
 7548: 2972,  779,  783,  784
 7549:  717,  717,  763,  717
 7550:  763,  740,  717,  717
 7551:  925,  717,  926,  717
 7552:  717,  925,  717,  926
 7553:  925,  726,  926,  717
 7554:  717,  729,  722,  730
 7555:  717,  717,  717,  925
 7556:  717,  722,  710,  711
 7557:  711,  711,  711,  733
 7558:  730,  751,  758,  717
 7559:  113,  487,  487,  628
 7560:  726,  925,  729,  926
 7561:  362,  331,  347, 2973
 7562:  722,  730,  711,  711
 7563:  730,  730,  711,  711
 7564:  227,  227,   52,  113
 7565:  711,  730,  733,  711
 7566:  209,  199,  201,  208
 7567:  717,  729,  722, 2974
 7568:  729,  729, 2975, 2976
 7569:  717,  717,  727,  726
 7570:  726,  722,  722,  733
 7571:  365,  206,  374,  207
 7572:  735, 2977,  717,  735
 7573: 2978, 2979,  733,  751
 7574:  751,  717,  717,  722
 7575:  722,  727,  733,  711
 7576:  722,  711, 2974, 2980
 7577:  711,  711, 2976,  711
 7578:  730,  727,  711,  711
 7579:  724,  732,  729,  717
 7580:  758,  729,  722,  711
 7581:  722, 2974, 2974, 2981
 7582: 2976, 2974, 2984, 2981
 7583: 2981, 2982, 2985, 2986
 7584: 2983, 2980, 2987, 2985
 7585: 2976,  711, 2983, 2980
 7586:  711,  711, 2975, 2976
 7587:  733, 2974, 2974, 2988
 7588: 2976,  711, 2989, 2976
 7589:  717,  722,  722, 2974
 7590: 2974, 2980, 2981, 2991
 7591: 2988, 2985, 2992, 2993
 7592: 2985, 2985, 2993, 2993
 7593: 2985, 2987, 2993, 2993
 7594: 2985, 2984, 2993, 2993
 7595: 2981, 2985, 2993, 2993
 7596: 2986, 2984, 2993, 2994
 7597: 2990, 2976, 2995, 2984
 7598:  711,  711, 2976,  733
 7599:  711,  727,  711,  751
 7600:  735, 2996,  710,  711
 7601: 2997, 2991, 3005, 2991
 7602: 2998, 2999, 2998, 2999
 7603: 3000, 2999, 2999, 2999
 7604: 2999, 2999, 2999, 2999
 7605: 2999, 3001, 3000, 3006
 7606: 3002, 2999, 3007, 2999
 7607: 2999, 3003, 2999, 3003
 7608: 2995, 2985, 2995, 2985
 7609: 3004,  711, 3004,  711
 7610:  751,  717, 1698,  717
 7611:  722,  730,  735, 2974
 7612: 3005, 2991, 2988, 2991
 7613: 3000, 3001, 2999, 3006
 7614: 2999, 3008, 3012, 3013
 7615: 3009, 2999, 3013, 3014
 7616: 2999, 3001, 2999, 3006
 7617: 2995, 3010, 2995, 3004
 7618: 3011,  751,  711, 1698
 7619: 2469,  211,  197,  213
 7620:  710, 2977,  710,  711
 7621: 2998, 3000, 2998, 3012
 7622: 2999, 3008, 3013, 3013
 7623: 3009, 3000, 3013, 3013
 7624: 3015, 3016, 3019, 3020
 7625: 3016, 3017, 3021, 3022
 7626: 3009, 2999, 3013, 3013
 7627: 2999, 3003, 3023, 3003
 7628: 2995, 3018, 2995, 3004
 7629:  711, 1698,  733,  727
 7630:  722, 2974,  735, 3005
 7631: 2988, 2991, 3028, 2991
 7632: 2998, 3003, 2998, 3003
 7633: 3016, 3016, 2995, 2985
 7634: 3016, 3016, 2985, 2985
 7635: 3024, 3025, 2991, 3029
 7636: 3026, 3027, 3030, 2995
 7637: 3016, 3016, 2982, 2985
 7638: 3016, 3016, 2985, 2991
 7639: 3017, 3003, 3017, 3003
 7640: 2995, 2983, 2995, 2985
 7641: 2976,  711, 2983, 2976
 7642:  710, 3031,  710, 2974
 7643: 2997, 2991, 2988, 2991
 7644: 2995, 2985, 2995, 3033
 7645: 2985, 3032, 3034, 2985
 7646: 2985, 2985, 2985, 2985
 7647: 2986, 2985, 2985, 2985
 7648: 2985, 2991, 2985, 2991
 7649: 3010, 3011, 3004,  751
 7650:  751,  728,  717,  717
 7651:  339,  220,  376, 1312
 7652: 1312, 1312,  220,  221
 7653: 1312, 1312,  221,  220
 7654:  207,  202,  202,  230
 7655:  494,  376,  347,  546
 7656: 1312,  223,  227,  228
 7657:  224, 1312,  229,  227
 7658:  899,   52,  898,   52
 7659:  362,   52,  362,  352
 7660:   52,   52,   52, 2949
 7661:   52,   52, 2950, 2950
 7662:   52,   52, 2951,   52
 7663:  212,  202,  219,  211
 7664:  527,   52,  364,  364
 7665:   52, 2963,   52, 2963
 7666: 2953, 2953, 2962, 2953
 7667: 2954,   52, 2964,   52
 7668:  113,  206,  158,  213
 7669:  198,  540,  171,  540
 7670:  362,   53,  362, 3036
 7671:   52, 2952,   52, 2957
 7672: 2953, 3035, 2965, 2966
 7673: 2966,  158,  158,  163
 7674:  163,  213,  198,  213
 7675:  347, 3037,  373,  494
 7676:  374,  365,  570, 3038
 7677:  158,  159,  163, 1927
 7678:  159,  159, 1927,  198
 7679:  544,  382,  544,  387
 7680:  301,  197,  301, 3039
 7681: 1927,  198, 1882,  198
 7682:  544,  494,  347,  347
 7683:  376,  339,  494,  720
 7684:  717,  804,  767,  768
 7685: 1884, 1882,  742, 1801
 7686:  198,  198, 1904, 1901
 7687:  772,  736,  736,  962
 7688:  200,  753,  725,  200
 7689:  742, 1884,  742,  742
 7690: 1882,  198, 1884, 1882
 7691:  741,  742,  764,  790
 7692: 1928,  305, 1929,  305
 7693:  213,  196,  766,  196
 7694:  570,  741,  301,  764
 7695:  766,  207, 1343,  202
 7696:  383,  358,  599,  369
 7697:  790,  743,  798,  790
 7698:  301,  765,  355,  770
 7699:  353,  798,  570,  765
 7700:  922,  807,  773,  737
 7701:  933,  355,  738,  770
 7702:  742, 1933, 1932, 1933
 7703: 1933,  742, 1933, 3040
 7704:  709,  717,  698,  763
 7705:  717,  717,  717,  762
 7706:  762,  785, 1285,  785
 7707: 3041, 1933,  742, 3041
 7708: 1933, 1933, 3042,  742
 7709:  751,  758,  717,  717
 7710:  758,  735,  717,  717
 7711:  711,  730,  735,  711
 7712:  717,  735,  717,  717
 7713:  198,  382,  901,  540
 7714: 1346, 1887,  742, 1888
 7715: 1786,  540,  198,  540
 7716:  711,  711, 2878, 2879
 7717:  730,  727,  711, 2836
 7718:  742, 1768,  742, 1889
 7719:  198,  540,  901,  540
 7720:  711,  711,  711, 2878
 7721:  711,  711, 2373, 2873
 7722:  717,  717,  727,  722
 7723:  742, 1888, 1887, 1797
 7724:  711, 2880,  758,  758
 7725: 2373, 2873,  735, 2880
 7726:  711,  711, 2881,  711
 7727:  730,  711,  733,  711
 7728:  809,  742,  809, 1887
 7729: 1888,  901, 1829,  198
 7730: 2837,  751, 2837, 1698
 7731:  711, 3043, 3044, 3045
 7732: 1600,  540,  198,  540
 7733: 1346,  742,  742, 2831
 7734: 2837,  727, 2834,  751
 7735: 2836,  711,  711,  733
 7736:  711,  711,  711, 2872
 7737:  711, 2870, 2372, 2879
 7738: 2871,  711,  711,  711
 7739:  347,  382,  373,  387
 7740:  730, 1698,  751,  717
 7741:  376,  339,  494, 1346
 7742: 2831, 2834, 2837,  711
 7743:  735,  751,  729,  729
 7744:  711,  730,  711, 3047
 7745:  711, 3046,  711, 3048
 7746:  742, 2831,  742, 2837
 7747: 2834,  730,  711,  711
 7748:  711, 2896,  711,  711
 7749: 3049,  711, 3050,  711
 7750:  540,  347,  540,  362
 7751:  809,  794,  564,  800
 7752: 2886, 2887,  794, 2886
 7753:  711,  711, 2920, 2920
 7754: 3051,  711,  711,  711
 7755:  793,  794,  564,  800
 7756:  711, 2919, 3052, 2929
 7757: 2920, 2887,  742, 2886
 7758:  711, 2896, 2920, 2920
 7759:  711,  730, 2920, 2920
 7760:  800,  794,  564,  800
 7761: 2886, 2920,  794,  742
 7762: 2920, 2920,  742,  742
 7763: 2929, 1430, 1430, 1436
 7764:  800,  794,  564, 1641
 7765:  170,  171,  198,  170
 7766:  369,  358,  171,  369
 7767: 1895, 3053,  357,  357
 7768:  711, 2870, 2878, 2879
 7769:  711,  711,  711, 2938
 7770:  711, 2919,  711, 2932
 7771: 2920, 2920, 1430, 1431
 7772: 2920, 2929, 1431, 1431
 7773: 1430, 2937, 1436,  261
 7774:  263,  198,  198,  901
 7775:  711, 2932, 2919, 2929
 7776:  711, 2938,  711,  711
 7777:  711,  711, 2919, 2920
 7778:  711,  711, 3047,  711
 7779: 2929,  742,  742,  742
 7780:  262,  263,  197,  171
 7781: 2919, 2920, 2932,  742
 7782: 2929, 2831, 2831, 2834
 7783: 2834,  711, 2870, 2372
 7784: 2942,  711, 2879, 3047
 7785:  711,  711, 2848, 2849
 7786:  198,  198,  486, 1719
 7787:  198,  198, 1719,  541
 7788: 2932,  742, 2835, 2832
 7789: 2837, 2878, 2834,  711
 7790: 2879,  711,  711,  751
 7791:  758,  735,  717,  710
 7792: 3047,  711,  711,  711
 7793:  357,  358,  198,  540
 7794: 1919,  198,  544,  198
 7795:  711, 2932,  711, 2932
 7796:  198,  213,  901,  489
 7797:  208,  209,  200,  200
 7798: 1343,  202,  750,  200
 7799: 3054, 2832,  711,  711
 7800: 2833,  742, 3054, 2832
 7801:  742,  750, 2832, 2833
 7802: 2836,  711, 2836,  711
 7803:  730,  711, 2873,  711
 7804:  711, 3054,  711,  711
 7805: 2833,  750, 3054, 2833
 7806: 2848, 2849, 3044, 3049
 7807: 2878, 2373, 2870, 2372
 7808: 2372, 2879, 2373, 2873
 7809: 2880, 2373,  711,  711
 7810:  711, 3054,  758,  735
 7811: 2833,  750, 2932,  742
 7812:  200,  208,  202,  230
 7813:  210,  198,  197,  198
 7814:  711, 3050,  711, 3051
 7815: 2870, 2372, 2879,  711
 7816: 2879,  711,  711,  711
 7817:  711, 1698,  711,  727
 7818: 2932,  742, 2932,  742
 7819:  211,  196,  766,  196
 7820:  711,  711, 2920, 2887
 7821: 2873,  711, 2880, 2373
 7822: 2942, 2872, 2879, 3047
 7823:  727,  722,  711, 3052
 7824: 2932,  742, 2929,  742
 7825: 1640, 2886, 1641, 1640
 7826: 2887,  711, 2886, 2920
 7827:  711, 2919, 2920, 2929
 7828: 2919, 2920, 2929, 1430
 7829:  742, 1430, 1431, 2937
 7830:  766,  196,  261,  262
 7831:  197,  198,  263,  198
 7832:  742, 2886, 1431, 1431
 7833: 2920, 2920, 1431, 1431
 7834:  198,  901, 1600,  198
 7835: 1600,  198,  198,  901
 7836:  204,  204,  198,  171
 7837:  204,  204,  198,  382
 7838:  376,  339,  494,  599
 7839:  204,  204,  198,  198
 7840:  204,  204,  198,  519
 7841:  544,  452,  362,  173
 7842:  511,  380,  198,  377
 7843:  173,  452,  539,  169
 7844:  494,  376,  347,  494
 7845:   52,  169,  539,  169
 7846:   52,   52,   52,  225
 7847:   52,   52,  225,   52
 7848:   52,   52,  539,  158
 7849:  213,  197,  261, 1706
 7850:  198,  265, 1709,  268
 7851:  198,  369,  171,  198
 7852:  901,  198,  198,  171
 7853: 2963, 2953, 2952, 2953
 7854:  373,  362,  376,  506
 7855: 2957, 2965,  900,  894
 7856: 2965, 2965,  894,  894
 7857:  169,  511,  169,  198
 7858:  380,  900,  511,  380
 7859:  546,  376,  347,  494
 7860:  531,  198,  528,  452
 7861:  898,   52, 2819,  746
 7862:   53,   52,   52,  158
 7863:  527,   52, 2819,  746
 7864: 2819,  746, 2820,  711
 7865:  746,  746,  730,  712
 7866: 2820,  730,  731, 2823
 7867:  745,  746,  733,  712
 7868:  746,  746, 2823,  730
 7869:  752,   52,  745,  747
 7870:  901,  540,  198,  540
 7871:   52, 2819,   52, 2821
 7872: 2820,  730,  711,  711
 7873:  712,  713,  745,  752
 7874:   52, 2969, 3055, 3056
 7875:  731,  713, 3057, 3058
 7876: 2969, 2823,  899, 2821
 7877: 2819, 2820, 2821,  730
 7878:  711,  711,  733,  730
 7879:  730,  745,  735,  751
 7880: 3059, 3060, 3059, 3063
 7881: 3061, 3062, 3064, 3062
 7882:  894, 2821,  898, 2821
 7883:   52,   52,  894,  899
 7884: 2821,  711, 2822,  731
 7885:  730,  711,  731, 2823
 7886: 3065, 3066, 3069, 3070
 7887: 3067, 3068, 3071, 3072
 7888: 2819, 2820, 2821,  751
 7889:  745,  752,  735,  723
 7890:   52, 2969,   52,   52
 7891: 2823,  730, 2821,  711
 7892:  727,  729,  730,  712
 7893: 3073, 3074, 3073, 3076
 7894: 3075, 3073, 3077, 3073
 7895: 2821, 1698, 2821,  727
 7896:  710,  723,  722,  723
 7897: 2821,  711, 2970,  731
 7898:  712,  713, 2968,  894
 7899: 3078, 3076, 3079, 3080
 7900: 3077, 3078, 3081, 3079
 7901: 2822, 2823,   52, 2969
 7902:   52,  893, 1659, 1660
 7903:  901,  540,  382,  387
 7904:  894,  894,  900,  898
 7905:  894,  894,  256,  450
 7906:  898,   52,  450,  450
 7907:  390,   52,  450,  450
 7908: 1840,  369, 1708, 1840
 7909: 1709, 1709, 1706, 1706
 7910: 1709,  268, 1706,  689
 7911: 2960,  900,  899,  893
 7912: 2819,  752, 2820,  723
 7913:  361,  354,  354,  262
 7914:  894, 2821,  894, 2969
 7915:  900,  894,  331,  334
 7916:  894,  898,  894,   52
 7917:   52,  527, 2950, 2950
 7918:   52,   52, 3083,   52
 7919: 1670, 1671,   53,   52
 7920:  488, 3082,  492, 3084
 7921:  894, 2963,  894, 2963
 7922:   52,  226,   52,   52
 7923:  491,  339,  339, 1346
 7924:  200,  492,  750,  211
 7925:  899,  893,  894,  894
 7926:  894, 2963,  894, 3085
 7927: 2966,   52,   52,   52
 7928:  491,  339,  494, 1346
 7929:  742,  766,  742, 1343
 7930:  898,  900, 2949, 2950
 7931:  898,  900, 2950, 2951
 7932: 2963, 2962, 3085, 2965
 7933: 2953, 2954, 2965, 2960
 7934:   54,   52,  113,  684
 7935:  749,  742,  748,  742
 7936:   52,  685,   53,   52
 7937: 1344,  742, 1346,  742
 7938: 1933, 3040, 1933, 1933
 7939:  894,  898,   52,  487
 7940:   52,  226,  113,  507
 7941:  688,  204,  159,  163
 7942:  204, 1346, 1913,  742
 7943:  771,  200, 3086,  750
 7944:  339,  631,  599,  502
 7945:   52,   52,  161,  158
 7946:   52,  525,  159,  163
 7947: 1927, 1927, 1927, 1927
 7948: 1903,  742, 1766,  742
 7949:  741,  742,  753,  756
 7950:  493,  544,  596,  544
 7951: 1927,  171, 1909, 1904
 7952:  501,  500, 1909, 1892
 7953: 1927, 1927, 1882, 1911
 7954:  171, 1911, 1909, 1910
 7955: 1916,  742,  742,  742
 7956:  200, 1312,  750,  903
 7957:  295,  809,  295,  809
 7958: 1884, 1916,  742,  742
 7959:  749,  748,  742,  742
 7960:  742,  748,  742,  749
 7961:  749,  742,  749,  749
 7962:  800,  794,  498,  800
 7963:  742,  742, 1431, 1640
 7964:  536,  294,  469,  469
 7965: 1705, 1920, 1706, 1707
 7966:  800,  794,  344, 1641
 7967: 1915, 1641,  358,  549
 7968:  344,  549,  544,  357
 7969:  357,  357,  198, 1600
 7970:  347,  709,  305,  709
 7971:   52,  295,  450, 2971
 7972:  305,  709,  358,  759
 7973:  728,  717,  760,  717
 7974:  758,  758,  728,  717
 7975:  717,  740,  727,  717
 7976: 2887,  711, 2837,  711
 7977:  733,  711,  730,  711
 7978: 2886, 2887,  742, 2886
 7979:  711,  733,  730,  711
 7980: 2919, 2887, 2929, 2886
 7981:  727,  717, 2887,  727
 7982:  201,  208,  903,  200
 7983:  339, 2830, 1346, 1333
 7984: 2886, 2920,  742,  742
 7985: 2834,  751,  711, 1698
 7986:  742,  742, 2831, 2832
 7987:  748,  742, 2832, 2833
 7988: 2837,  711, 2837,  733
 7989:  907,  339,  494, 1346
 7990:  373,  809,  376,  337
 7991: 2834,  751,  751,  717
 7992: 2834,  711,  711,  751
 7993:  903, 2830,  742,  906
 7994:  742, 1333,  742, 1928
 7995: 1430, 1431, 2937, 1437
 7996:  742,  743, 1431, 2937
 7997: 1929,  344, 1872, 1707
 7998:  717,  767, 1871,  772
 7999: 1871, 1871, 1872, 1873
 8000: 1871, 1871, 1873, 1873
 8001:  358,  549,  198,  357
 8002: 1873,  689,  357,  357
 8003:  710, 2977,  710, 2974
 8004: 2998, 3003, 2998, 3091
 8005: 2995, 2985, 2993, 2993
 8006: 3087, 3088, 3092, 3001
 8007: 3088, 3089, 3002, 3093
 8008: 2985, 2991, 2993, 2993
 8009: 2998, 3003, 3094, 3003
 8010: 3090, 1698,  751,  717
 8011:  740,  717,  717,  728
 8012: 3022, 3013, 3027, 3016
 8013: 3013, 3013, 3016, 3016
 8014: 3095, 3006, 3097, 3098
 8015: 3007, 3096, 3099, 3100
 8016: 3013, 3019, 3016, 3024
 8017: 2995, 3004, 2995, 2984
 8018:  727,  717, 2976,  727
 8019:  717,  740,  717,  767
 8020: 3031, 3101,  735,  711
 8021: 2997, 2985, 2996, 2997
 8022: 2985, 2985, 3032, 3028
 8023: 2985, 2985, 2982, 2985
 8024: 3102, 3016, 3028, 2985
 8025: 3016, 3103, 2985, 3033
 8026: 3032, 2985, 3010, 3104
 8027: 2985, 3010, 2997, 3018
 8028: 3104, 2978, 2974, 2976
 8029: 2997, 3010, 2996, 2979
 8030: 3090,  751,  751,  767
 8031:  711, 3031,  733,  711
 8032: 3101, 3104,  711,  711
 8033: 2997, 3034, 3031, 3101
 8034: 3010, 3101, 2979,  711
 8035: 2997, 3010, 2996, 3090
 8036: 3011,  711,  711,  733
 8037: 2996, 2979,  711,  711
 8038: 3005, 3004, 2996, 3090
 8039:  711,  751,  711,  727
 8040:  711,  730, 2976,  711
 8041:  711,  711, 2974, 2980
 8042: 2974, 2976, 2988, 3004
 8043:  711,  711,  711, 2974
 8044: 2974, 2976, 2988, 2984
 8045: 2974, 2975, 2988, 2985
 8046:  730,  711,  711,  751
 8047: 1698,  718,  717,  718
 8048: 2977, 2997,  711, 3031
 8049: 2984, 2976, 2978, 2979
 8050: 3031, 3101,  758,  758
 8051: 3104, 3090,  758,  758
 8052:  711, 2977,  735,  711
 8053: 3101, 2997,  711, 3031
 8054: 3032, 2985, 2997, 3010
 8055: 3033, 3018, 2978, 3090
 8056:  717,  718,  740,  724
 8057: 3031, 2979,  711,  711
 8058:  717,  717,  722,  727
 8059:  711, 2974,  711, 3031
 8060: 2990, 2976, 2997, 3004
 8061:  740,  717,  729,  717
 8062:  717,  728,  717,  729
 8063:  740,  710,  717,  717
 8064:  730,  711,  735,  751
 8065:  711,  727, 2974, 2976
 8066:  724,  725,  727,  724
 8067:  722, 2974,  735, 2977
 8068: 2976,  727, 2997, 2980
 8069:  729,  717, 2976,  727
 8070: 3031, 3090,  711,  711
 8071:  711,  733,  751,  735
 8072:  717,  735,  726,  717
 8073: 3031, 2978,  758,  735
 8074: 2979,  751,  751,  717
 8075:  925,  717,  926,  740
 8076:  735,  751, 1871, 1871
 8077:  740,  767,  767,  772
 8078:  742,  742, 1932, 1933
 8079:  742,  742, 1933, 1933
 8080:  717,  717, 1287, 1288
 8081:  772,  261,  261,  261
 8082:  355, 3105, 1843, 1706
 8083:  775,  742, 1915, 1641
 8084: 1933, 1933, 3041, 1933
 8085: 3106, 3107, 1873, 1873
 8086: 1871, 1871, 1873, 1874
 8087:  760,  717,  759, 1871
 8088:  549, 1873,  357,  357
 8089: 1873,  689, 3108, 3109
 8090:  698,  763,  698,  763
 8091:  778, 1286,  783, 1289
 8092:  787,  788,  695,  697
 8093: 1933, 1933, 1933, 1834
 8094:  305,  714,  305,  709
 8095:  716,  704,  718,  301
 8096:  339,  376,  844,  494
 8097:  742,  742, 2488,  790
 8098:  742, 1436,  742,  766
 8099:  353, 1937,  200, 1312
 8100: 2489,  798, 1312,  353
 8101:  901,  170,  198,  198
 8102:  790,  742,  798,  742
 8103:  901,  382,  209,  387
 8104:  916,  917,  918,  919
 8105:  717,  717,  767, 1871
 8106:  717,  718, 1871,  772
 8107:  301,  196,  261,  355
 8108:  765,  742,  770,  742
 8109: 1873, 1873,  737,  738
 8110: 1873,  689,  656,  656
 8111:  772,  261,  301,  196
 8112:  355,  770,  765,  775
 8113:  742,  742,  742, 1784
 8114: 1784, 1785, 1786, 1927
 8115: 1785, 1785, 1927, 1911
 8116: 1785, 1800, 1764, 1916
 8117: 1873,  689,  738,  656
 8118:  742, 1768,  742, 1768
 8119: 1911, 1916, 1766,  742
 8120:  901,  213,  198,  213
 8121: 1882, 1927, 1884, 1764
 8122: 1799, 1800, 1764, 1916
 8123: 1834,  742,  742,  742
 8124: 1933, 3042,  742,  742
 8125:  344, 1641,  358,  549
 8126:  263,  171,  198,  198
 8127: 3110, 3111, 3110, 3116
 8128: 3112, 3110, 3117, 3110
 8129: 3110, 3110, 3110, 3118
 8130: 3113, 3114, 3119, 3120
 8131: 3114, 3114, 3121, 3120
 8132: 3115, 3110, 3122, 3115
 8133: 3110, 3110, 3123, 3124
 8134: 3110, 3110, 3124, 3125
 8135: 3110, 3110, 3110, 3126
 8136: 3126, 3114, 3134, 3120
 8137: 3114, 3127, 3121, 3135
 8138: 3128, 3129, 3125, 3110
 8139: 3130, 3131, 3110, 3110
 8140: 3132, 3133, 3110, 3110
 8141: 3110, 3110, 3110, 3110
 8142: 3124, 3136, 3110, 3143
 8143: 3137, 3138, 3144, 3145
 8144: 3139, 3133, 3110, 3110
 8145: 3140, 3141, 3146, 3147
 8146: 3142, 3112, 3148, 3117
 8147: 3123, 3124, 3110, 3110
 8148: 3110, 3123, 3110, 3110
 8149: 3149, 3150, 3143, 3154
 8150: 3151, 3152, 3116, 3155
 8151: 3153, 3142, 3156, 3157
 8152: 3158, 3158, 3158, 3158
 8153: 3159, 3160, 3163, 3164
 8154: 3161, 3162, 3165, 3162
 8155: 3166, 3167, 3161, 3170
 8156: 3168, 3169, 3158, 3158
 8157: 3163, 3164, 3171, 3172
 8158: 3165, 3158, 3173, 3169
 8159: 3174, 3172, 3171, 3172
 8160: 3175, 3169, 3175, 3158
 8161: 3176, 3177,  624,  624
 8162:  624, 3176,  624, 3177
 8163: 3177,  624, 3176,  624
 8164:  624,  624, 3176,  624
 8165:  624, 3177,  624,  624
 8166:  624,  624,  624, 3176
 8167:  624,  624,  624,  624
 8168:  624,  624, 3177,  624
 8169:  624, 3177, 3176,  624
 8170: 3178,  624,  624,  624
 8171: 3177, 3176,  624,  624
 8172: 3176,  624, 3177, 3176
 8173:  624, 3177, 3177,  624
 8174:  624,  624, 3176, 3177
 8175: 3177, 3177,  624,  624
 8176:  624, 3178,  624,  624
 8177:  624,  624, 3178, 3177
 8178: 3177,  624,  624, 3176
 8179:  624, 3176, 3176,  624
 8180: 3178, 3177, 3179,  624
 8181:  624, 3179,  624,  624
 8182:  624,  624, 3180, 3176
 8183: 3178, 3180,  624,  624
 8184:  624, 3176,  624,  624
 8185:  624,  624,  624, 3177
 8186:  624, 3180,  624,  624
 8187: 3179, 3177,  624,  624
 8188: 3178, 3176,  624,  624
 8189: 3176, 3177, 3177, 3177
 8190: 3179,  624,  624, 3177
 8191: 3177,  624,  624,  624
 8192: 3180,  624,  624, 3178
 8193: 3180, 3177,  624,  624
 8194:  624, 3177, 3176, 3177
 8195: 3177,  624, 3177, 3177
 8196: 3176, 3177, 3179,  624
 8197:  624,  624,  624, 3178
 8198: 3180,  624, 3177,  624
 8199: 3179,  624,  624,  624
 8200: 3176,  624, 3177, 3177
 8201:  624,  624, 3176, 3181
 8202: 3176, 3176,  624,  624
 8203: 3176,  624,  624,  624
 8204: 3180,  624, 3178, 3177
 8205:  624, 3177, 3177, 3181
 8206:  624, 3176,  624, 3176
 8207: 3178,  624,  624, 3177
 8208:  624,  624,  624, 3182
 8209: 3176, 3177, 3177,  624
 8210:  624,  624, 3178,  624
 8211: 3176, 3178,  624,  624
 8212:  624,  624, 3177, 3177
 8213:  624, 3180, 3176,  624
 8214: 3176,  624, 3181, 3177
 8215: 3177,  624,  624, 3177
 8216:  624, 3176, 3179,  624
 8217:  624, 3182,  624,  624
 8218: 3176, 3180, 3181,  624
 8219: 3176, 3177, 3177, 3176
 8220:  624,  624, 3177, 3176
 8221:  624, 3178, 3176,  624
 8222: 3176, 3176,  624, 3177
 8223: 3177,  624,  624, 3178
 8224:  624,  624, 3181,  624
 8225:  624, 3181,  624,  624
 8226: 3177,  624, 3177, 3176
 8227: 3176, 3181, 3177, 3176
 8228: 3181, 3179,  624,  624
 8229: 3181,  624,  624, 3176
 8230: 3181,  624,  624,  624
 8231: 3177, 3178,  624, 3179
 8232:  624, 3178, 3178, 3180
 8233: 3179, 3176,  624, 3177
 8234: 3181,  624, 3177, 3176
 8235:  624, 3181,  624, 3177
 8236: 3177,  624,  624, 3180
 8237:  624, 3177,  624, 3178
 8238: 3181,  624,  624, 3177
 8239: 3176, 3181, 3176,  624
 8240: 3176,  624, 3180,  624
 8241:  624, 3176, 3177,  624
 8242: 3177, 3179,  624,  624
 8243:  624,  624, 3177, 3178
 8244:  624,  624, 3179,  624
 8245:  624, 3181, 3180,  624
 8246: 3183, 3183, 3183, 3183
 8247: 3183, 3184, 3184, 3185
 8248: 3185, 3186, 3190, 3191
 8249: 3187, 3183, 3186, 3187
 8250:  376, 3188,  339, 3188
 8251: 3189,  201, 3189,  227
 8252:  201, 3188,  227, 3188
 8253: 3189,  202, 3189,  200
 8254: 3185, 3190, 3190, 3192
 8255: 3192, 3193, 3196, 3197
 8256: 3191, 3186, 3193, 3191
 8257:  220,  227,  201,  374
 8258:  390, 3188,  365, 3198
 8259: 3189,   52, 3199,   52
 8260: 3194, 3195, 3200, 3201
 8261:   52, 3188,   52, 3198
 8262: 3189,  219, 3199,  487
 8263:  227,  220,  491,  201
 8264: 3185, 3190, 3203, 3204
 8265: 3192, 3196, 3196,  225
 8266:  113,   52,   52,  226
 8267: 3197, 3193,   52, 3197
 8268:  342,  200, 1311,  725
 8269:   52, 3202,   52,   52
 8270: 3205, 3206, 3213, 3214
 8271: 3207,   52, 3207, 3208
 8272: 3208, 3209, 3215, 3216
 8273: 3209, 3210, 3216, 3217
 8274: 3210, 3210, 3217, 3217
 8275: 3211,   52, 3218, 3211
 8276: 3212,  724,  926,  761
 8277:  721, 1696,  717, 1696
 8278: 3219, 3220, 3203, 3204
 8279: 3207, 3221, 3207, 3221
 8280: 3216, 3222, 3216, 3216
 8281: 3223, 3224, 3230, 3231
 8282: 3225, 3222, 3232, 3216
 8283: 3217, 3226, 3217, 3226
 8284:   52, 3227, 3233, 3234
 8285: 3228, 3229, 3235, 3236
 8286:  761,  717,  763,  717
 8287:  717, 1696,  717, 1696
 8288: 3237, 3221, 3237, 3243
 8289: 3216, 3222, 3244, 3216
 8290: 3238, 3239, 3216, 3216
 8291: 3240, 3222, 3216, 3216
 8292: 3217, 3226, 3245, 3246
 8293: 3233, 3241, 3233, 3193
 8294: 3242, 3186, 3247, 3236
 8295:  778, 1288, 1313,  782
 8296: 3207, 3248, 3257,   52
 8297: 3249, 3250, 3248, 3258
 8298: 3251, 3252, 3259, 3260
 8299: 3252, 3253, 3260, 3261
 8300: 3254, 3255, 3255,   52
 8301: 3233, 3234, 3233, 3241
 8302: 3235, 3186, 3242, 3236
 8303: 1316, 3256, 3262, 3263
 8304:  807,  808,  357,  358
 8305:  717, 1696, 1871, 1871
 8306: 3264, 3265, 3267, 3264
 8307: 3266, 3257, 3203, 3204
 8308:  113,   52, 3207,  226
 8309: 3233, 3193,   52, 3197
 8310: 3191, 3186, 3268, 3269
 8311: 1873, 1873, 1873, 1873
 8312:  262,  357, 1706, 1706
 8313:  357,  357, 1706, 1706
 8314:  263,  198, 1706, 1706
 8315:  198,  198, 1706, 1706
 8316:  198,  369, 1706, 3270
 8317:  358, 1873, 3271, 1873
 8318: 3267, 3185, 3185, 3272
 8319: 3272, 3192, 3192, 3196
 8320: 3237,   52,   52,   52
 8321: 3273, 3273, 3273, 3273
 8322: 3273, 3274, 3273, 3277
 8323: 3275, 3275, 3275, 3275
 8324: 3275, 3276, 3275, 3275
 8325: 3272, 3192, 3265, 3266
 8326: 3196,   52, 3257,   52
 8327:  163,  377,  421,  377
 8328: 3233, 3241, 3233, 3278
 8329: 3242, 3186, 3279, 3236
 8330: 3280, 3265, 3283, 3205
 8331: 3266, 3237, 3206, 3257
 8332:  421,  511,  452,  421
 8333: 3233, 3193, 3233, 3241
 8334: 3273, 3281, 3273, 3284
 8335: 3282, 3273, 3276, 3273
 8336: 3264, 3213, 3287, 3265
 8337: 3285, 3196, 3266, 3257
 8338: 3273, 3286, 3273, 3288
 8339: 3275, 3275, 3289, 3275
 8340: 3275, 3273, 3275, 3273
 8341: 3290, 3264, 3184, 3185
 8342: 3265, 3266, 3205, 3206
 8343: 3207,   52, 3257,   52
 8344:  169,  421,  169,  171
 8345: 3281, 3275, 3284, 3275
 8346: 3267, 3280, 3185, 3272
 8347: 3213, 3285, 3192, 3291
 8348: 3196,   52, 3237,   52
 8349: 3233, 3241, 3227, 3278
 8350: 3284, 3275, 3284, 3275
 8351: 3264, 3219, 3296, 3264
 8352: 3292, 3293, 3297, 3298
 8353: 3294, 3257, 3292, 3293
 8354:   52,   52, 3294, 3294
 8355:   52, 3227, 3294, 3299
 8356: 3291, 3193, 3293, 3228
 8357: 3247, 3186, 3229, 3283
 8358: 3273, 3273, 3273, 3300
 8359: 3295, 3275, 3275, 3275
 8360: 3275, 3273, 3301, 3273
 8361: 3290, 3267, 3308, 3290
 8362: 3264, 3280, 3267, 3267
 8363: 3297, 3298, 3264, 3283
 8364: 3292, 3302, 3309, 3310
 8365: 3303, 3304, 3311, 3312
 8366: 3305, 3306, 3313, 3283
 8367: 3298, 3229, 3280, 3242
 8368: 3242, 3236, 3236, 3267
 8369: 3273, 3284, 3273, 3295
 8370: 3275, 3275, 3275, 3301
 8371: 3307, 3273, 3314, 3273
 8372: 3185, 3283, 3316, 3317
 8373: 3190, 3315, 3192, 3318
 8374: 3315, 3186, 3319, 3191
 8375: 3320, 3321, 3196, 3323
 8376: 3196, 3197,   52,   52
 8377: 3322, 3193, 3323, 3197
 8378: 3192, 3196, 3196, 1656
 8379: 1656, 3324, 3325, 2847
 8380: 3324, 3324,  711,  711
 8381: 1658,   52, 3326, 3324
 8382:   52, 1656, 3324, 3325
 8383: 3324, 1658,  711, 3326
 8384: 1656, 3324, 3325,  711
 8385: 1658,   52, 3326, 1658
 8386:   52,   52,   52, 1656
 8387: 3265, 3266, 3264, 3265
 8388: 3257, 3327, 3266, 3257
 8389: 3328,  711, 3334,  711
 8390: 3329, 3330, 3335,   52
 8391: 3328,  711, 3327, 3328
 8392:  711, 3331, 3331,  717
 8393: 3332, 3332,  717,  804
 8394: 3332, 3332,  805,  806
 8395: 3332, 3333,  717,  717
 8396:  711,  711, 3333,  711
 8397:  711, 3326,  711,  711
 8398: 1658,   53, 3326, 3324
 8399: 1656, 3325, 3325,  711
 8400: 3332, 3332,  717,  717
 8401: 3185, 3205, 3264, 3213
 8402: 3206, 3196, 3214, 3257
 8403: 3334,  711, 3327, 3328
 8404: 3326, 1658, 3339, 3326
 8405:   52, 3334, 3324, 3325
 8406: 3336,  717, 3336,  767
 8407:  717, 3332,  717,  717
 8408: 3332, 3337,  717,  710
 8409: 3329, 3328, 3326, 3325
 8410:  717, 3338, 3340,  711
 8411: 3185, 3265, 3283, 3190
 8412: 3266, 3196, 3192, 3207
 8413:   52, 3327,   52,   52
 8414:  301,  567,  562,  565
 8415:  218,  493,  487,  491
 8416:  717,  710,  717, 3340
 8417: 3331, 3332,  727,  717
 8418:  717, 3340, 3340,  711
 8419:  711,  711,  711, 3339
 8420: 3203, 3204, 3264, 3265
 8421: 3322, 3207, 3266, 3257
 8422:  226, 1656, 1656, 3325
 8423: 3325,  711,  711,  711
 8424: 3336,  717, 3336,  717
 8425: 3340,  711,  711,  711
 8426: 3338, 3340,  711,  711
 8427: 3331, 3332, 3336,  717
 8428: 3334,  711, 3334,  711
 8429:  566,  564,   54,  493
 8430:  711,  711, 3331, 3332
 8431:  711,  711, 3332, 3333
 8432:  727, 3338, 2847,  711
 8433:  218,  493,   53,  493
 8434:  710,  711,  717, 3333
 8435:  717,  717, 3338, 3338
 8436: 3333,  711,  717, 3332
 8437: 3333,  711,  717, 3333
 8438:  717, 3333,  717,  717
 8439:   52,  493,   52,  566
 8440:  305,  709,  564,  759
 8441: 3333, 3331,  805,  805
 8442: 3332, 3332,  805,  805
 8443: 3332, 3333,  806,  710
 8444: 3336,  717,  727, 3338
 8445:   52, 1656, 1656, 3325
 8446: 3325,  711,  711, 2847
 8447:  922,  807,  563,  563
 8448: 3332, 3333,  760,  710
 8449: 3190, 3192,  564,  359
 8450: 3196, 1656, 1656, 3325
 8451: 3325, 2847,  711, 3339
 8452: 3227, 3294, 3341, 3228
 8453: 3257, 3227, 3266, 3228
 8454: 3294, 3257, 3292, 3342
 8455:  566,  564, 3257,  566
 8456:  759,  760,  564,  759
 8457: 3332, 3333,  760,  717
 8458:  493,  362,  493,  305
 8459: 3325,  711,  735, 2847
 8460:  301,  567,  719,  374
 8461:   52, 3227,  365, 3197
 8462: 3228, 3343, 3193, 3191
 8463: 3265, 3343, 3283, 3236
 8464: 3265, 3343, 3264, 3236
 8465: 3344, 3265, 3345, 3264
 8466: 3266, 3257, 3265, 3266
 8467:  759,  921,  564,  922
 8468:  760,  735,  709,  717
 8469:  711, 2847,  735,  711
 8470:  717,  724, 3338, 3338
 8471: 3197, 3193,  365, 3197
 8472: 3345, 3346, 3186, 3187
 8473: 3183, 3290, 3183, 3183
 8474: 3264, 3265, 3290, 3264
 8475:  566,  563, 3257, 3227
 8476:  493,  305,  566,  564
 8477:  727,  724,  711,  727
 8478: 3266, 3228, 3265, 3343
 8479: 3185, 3186, 3316, 3191
 8480: 3190,  206, 3192,  206
 8481:  493,  786,  493,  694
 8482: 3320, 3193, 3196, 3197
 8483: 3196,  206, 1656,  301
 8484:  493,  701,  493,  305
 8485:  714,  797,  709,  717
 8486:  269,  271, 3324, 3324
 8487:   54, 1656, 3324, 3325
 8488: 3325,  301, 3331,  301
 8489: 3333, 3326,  717, 3332
 8490: 3324, 3324, 3332, 3332
 8491: 3325, 3331, 3332,  717
 8492:  717,  719,  717,  725
 8493:  709,  722,  721, 3333
 8494:  727, 3338,  711,  711
 8495:  722,  727,  711, 3331
 8496: 3338, 3338,  711,  711
 8497:  717,  717,  727, 3338
 8498:  711,  711,  711, 2847
 8499: 3331,  717, 3336,  717
 8500:  711, 2847, 3339,  711
 8501: 3338, 3338, 3329, 3328
 8502:  711, 2847,  711,  711
 8503:  717,  717, 3338,  717
 8504:  727,  717,  711, 3336
 8505:  711, 3339, 3332, 3332
 8506: 3326, 3325, 3332, 3332
 8507:  711,  711, 3332, 3332
 8508: 3331, 3332,  717,  717
 8509: 3326, 1658, 3333, 3326
 8510: 3339,  711,  711,  711
 8511: 2847,  711,  711, 2847
 8512: 3333,  711,  710,  711
 8513: 3347, 3336,  711, 3336
 8514: 3338,  717,  711,  727
 8515: 2847, 2847, 3332, 3332
 8516:  711,  727, 3339, 3331
 8517:  717, 3333,  717,  722
 8518:  711,  711,  711, 3331
 8519: 3336,  717,  717,  710
 8520: 3338, 3338, 3339,  711
 8521: 3332,  717, 3338, 3338
 8522:  717,  717, 3338, 3340
 8523:  711, 3336,  711, 3336
 8524:  711, 3336, 3331,  717
 8525:  711, 2847, 3332, 3332
 8526:  717, 3332, 3338, 3338
 8527:  711, 3339,  711,  711
 8528:  717, 3332,  760,  717
 8529: 3332, 3332,  717,  767
 8530:  806, 3332,  808,  760
 8531: 3333, 2847,  717, 3332
 8532: 3331,  717,  717,  717
 8533:  727,  722,  711,  711
 8534: 2847, 3331, 3331,  717
 8535:  772,  562,  562,  565
 8536:  563,  563, 3227, 3257
 8537:  563,  564,  113,  566
 8538: 3348,  761,  786,  787
 8539: 3349, 1285,  787,  787
 8540:  785,  301,  788,  301
 8541:  711, 3331, 3332,  717
 8542:  565, 3227, 3227, 3228
 8543: 3228, 3266, 3343, 3265
 8544: 3257,   52, 3266, 3257
 8545:  566,  563,  113,   52
 8546:  269,  271,  248,  270
 8547:  695,  695,  797,  716
 8548:  697,  301,  704,  301
 8549: 3228, 3343, 3343, 3236
 8550: 3236, 3264, 3345, 3345
 8551:  491,  373,  339, 2473
 8552:  717,  717,  717, 3338
 8553:  301, 2469,  301,  810
 8554:  563,  563, 3257, 3227
 8555:  565, 3227, 3294, 3228
 8556: 3236, 3345, 3345, 3345
 8557: 3345, 3345, 3345, 3345
 8558: 3185, 3190, 3264, 3265
 8559: 3192, 3196, 3266, 3257
 8560:   52,  687, 3350,  688
 8561:  390,  853,  113,  493
 8562:  710,  730,  710,  711
 8563: 3336,  718, 3336,  718
 8564: 3266, 3351, 3265, 3352
 8565: 3305, 3343, 3352, 3236
 8566: 3345, 3264, 3345, 3345
 8567: 3265, 3292, 3264, 3344
 8568: 3342, 3257, 3344, 3266
 8569: 3227, 3257, 3228, 3266
 8570:   52,  493, 3257,  493
 8571:   52,  493, 3257,  566
 8572:  717, 3333,  921,  805
 8573: 3331, 3332,  805,  805
 8574: 3332, 3333,  806,  717
 8575:  711,  711, 3333, 3331
 8576:  717,  724,  727,  717
 8577: 3345, 3264, 3290, 3353
 8578:  808,  921,  564,  922
 8579: 3333,  711,  760, 3333
 8580: 3187, 3183, 3186, 3185
 8581: 3184, 3345, 3186, 3185
 8582: 3266, 3294, 3265, 3292
 8583: 3294, 3294, 3342, 3351
 8584: 3294, 3257, 3305, 3266
 8585:  563,  563, 3294, 3294
 8586:  563,  564, 3257,  566
 8587: 3197, 3193, 1133,  820
 8588: 3191, 3316, 3193, 3320
 8589: 3316, 3191, 3321, 3193
 8590: 3264, 3344, 3290, 3264
 8591: 3344, 3352, 3236, 3264
 8592: 3352, 3265, 3236, 3264
 8593: 3305, 3292, 3352, 3344
 8594: 3342, 3257, 3265, 3266
 8595:  566,  564, 3257,  493
 8596:  717,  718, 3336,  718
 8597: 3197, 3354,   52,  225
 8598: 3354, 3354,  226,   52
 8599: 3183, 3183, 3183, 3184
 8600: 3184, 3345, 3345, 3345
 8601: 3345, 3185, 3185, 3355
 8602: 3186, 3185, 3316, 3316
 8603: 3283, 3236, 3191, 3186
 8604: 3264, 3283, 3185, 3190
 8605: 3190, 3192, 3192, 3196
 8606: 3196,  493,  487,  491
 8607: 3336,  718,  767,  772
 8608:  824,  820, 3227, 3228
 8609: 3257, 3227, 3292, 3305
 8610: 3257, 3227, 3292, 3342
 8611: 3184, 3345, 3345, 3353
 8612: 3345, 3185, 3185, 3283
 8613: 3283, 3190, 3190, 3192
 8614: 3320, 3321, 3354, 3354
 8615: 3193, 3191, 3354, 3193
 8616: 3196,  487,  487,  491
 8617:  491,  339,  339,  720
 8618: 3333, 2847,  722, 3347
 8619: 3331,  767, 3336,  718
 8620:  772,  562,  301,  567
 8621: 3228, 3343, 3343, 3283
 8622: 3344, 3352, 3283, 3236
 8623: 3344, 3265, 3264, 3236
 8624: 3345, 3345, 3356, 3185
 8625: 3192, 3196, 3196,  487
 8626:  365, 3197,  374,  364
 8627: 3196,  487,  364,  491
 8628: 3341, 3193, 3197, 3322
 8629: 3191, 3315, 3193, 3192
 8630: 3192, 3196, 3196,  218
 8631:  717, 3338,  722,  711
 8632: 3336,  718, 3336,  724
 8633:  719,  374,  725,  200
 8634: 3354, 3354,  364,  364
 8635: 3354, 3193,  365, 3197
 8636: 3265, 3266, 3190, 3192
 8637: 3257,  226, 3196,  487
 8638:  493,  305,  491,  337
 8639:  732,  721, 3338, 3338
 8640: 3257,  493, 3196,  493
 8641:  721, 3338,  710,  711
 8642: 3338,  722,  711,  711
 8643: 3338,  717, 2847,  727
 8644:  724,  732, 3338, 3338
 8645:  732,  732, 3338,  717
 8646:  711,  711, 3332,  735
 8647:  711,  733, 3331, 3332
 8648: 3203, 3266, 3355, 3265
 8649: 3257,  566, 3266, 3207
 8650:  711, 3331,  711, 3336
 8651:  735, 3331,  921,  805
 8652: 3332, 3332,  805,  928
 8653:  735,  711,  760,  735
 8654: 3283, 3190, 3203, 3204
 8655: 3192, 3207, 3322, 3207
 8656:  711,  727,  711, 3329
 8657:  563,  564,  218,  566
 8658:  562,  563,  565, 3227
 8659:  735,  711,  760, 3332
 8660: 3264, 3265, 3185, 3205
 8661: 3266, 3257, 3206, 3196
 8662:  710, 2847,  710, 3339
 8663:  711, 3335,  711, 3335
 8664:  719,  374,  219,  200
 8665:  365,  225,  374,  365
 8666:  226,   52,   53, 3227
 8667: 3227, 3228, 3228, 3343
 8668: 3264, 3213, 3185, 3265
 8669: 3214, 3257, 3266, 3196
 8670:  270,  219,   53,  348
 8671:  570,  567,  206,  567
 8672: 3227, 3228, 3197, 3193
 8673: 3343, 3265, 3191, 3355
 8674: 3343, 3236, 3236, 3353
 8675: 3264, 3236, 3345, 3346
 8676:  305,  698,  305, 3359
 8677: 3357, 3358, 3360,  700
 8678:  711, 3326,  700,  700
 8679: 1658,  354, 3361,  206
 8680:  562,  565,  567, 3227
 8681: 3343, 3236, 3236, 3345
 8682: 3345, 3345, 3345, 3346
 8683: 3346, 3183, 3183, 3183
 8684: 3236, 3264, 3346, 3290
 8685: 3283, 3236, 3236, 3345
 8686: 3345, 3345, 3346, 3290
 8687: 3345, 3345, 3185, 3186
 8688: 3264, 3265, 3345, 3264
 8689: 3265, 3192, 3265, 3266
 8690: 3196,  493, 3257,  493
 8691: 3187, 3184, 3186, 3185
 8692: 3187, 3184, 3186, 3345
 8693: 3345, 3345, 3345, 3185
 8694: 3185, 3186, 3190, 3315
 8695: 3345, 3185, 3315, 3191
 8696: 3186, 3185, 3316, 3315
 8697: 3283, 3190, 3317, 3192
 8698: 3315, 3315, 3318, 3319
 8699: 3186, 3185, 3191, 3316
 8700: 3265, 3192, 3190, 3266
 8701:  207,  374,  725,  230
 8702: 3315, 3190, 3319, 3192
 8703: 3192, 3318, 3196, 3197
 8704: 3319, 3192, 3354, 3196
 8705: 3362, 3319, 3363, 3364
 8706: 3321, 3196, 3323,   52
 8707: 3197, 3322,   52, 3197
 8708: 3193, 3320, 3354, 3196
 8709: 3193, 3192, 3197, 3196
 8710:  710, 2847,  710,  711
 8711: 3354, 3196,   52,   52
 8712:   52,  684,  627,  685
 8713:  365,  266,  686,  364
 8714:  720,  721,  721, 3340
 8715: 3340, 2847,  711,  711
 8716: 3294, 3257, 3228, 3266
 8717:   52,   52, 3257,   52
 8718:  669,  267,  267,  487
 8719:  227,  227,   52, 1656
 8720:  227,  342, 3324, 3325
 8721:  720,  721,  727, 3340
 8722: 3340,  711,  711, 2847
 8723: 3343, 3265, 3264, 3283
 8724: 3266, 3257, 3219,  820
 8725:  669,  267,  820,  487
 8726:  339,  631,  720, 3365
 8727:   52,   52, 3324, 3324
 8728: 1656, 1658, 3325, 3326
 8729: 3324, 3325,  711, 3331
 8730: 2847,  711, 3332, 3332
 8731:  711,  711, 3333, 2847
 8732:  711, 2847, 3331, 3332
 8733:  711, 2847, 3333, 3339
 8734: 3203, 3204, 3190, 3192
 8735: 3366,  493, 3196,  493
 8736:  546,  720,  305,  709
 8737:  721,  722,  717, 3332
 8738: 3331,  804,  767,  768
 8739: 3192, 3196, 3196,  684
 8740:   52,  493,  365,  493
 8741:  305,  698,  305,  786
 8742: 1285,  763,  787,  787
 8743:  761, 3367,  787,  788
 8744:  563,  564,   52,  493
 8745:  759, 3348,  305,  786
 8746:  761,  717,  787,  787
 8747:  762, 1285,  787,  787
 8748: 3192, 3196, 3196,   52
 8749:  686,  491,  687,  339
 8750:  337,  694, 2473,  701
 8751:  347,  694,  373,  701
 8752:  697,  196,  704,  196
 8753:  688,  390,  364,  364
 8754:  853,  305,  491,  337
 8755:  339,  337,  339,  720
 8756:  721,  717,  717,  722
 8757:  711,  727,  711, 3339
 8758:  732,  732, 3338, 3338
 8759:  721,  717, 3338,  722
 8760:  711, 3329,  711, 3326
 8761: 3328,  711, 3325,  711
 8762:  717,  724,  727, 3338
 8763:  711, 3331, 3332,  767
 8764:  562,  212,  565,  219
 8765:  562,  565,  565, 3227
 8766:   52,   52, 3294, 3257
 8767:  563,  565, 3257, 3227
 8768: 3227, 3322, 3322, 3228
 8769: 3292, 3342, 3344, 3344
 8770: 3368, 3369, 3372, 3373
 8771: 3370, 3368, 3374, 3375
 8772: 3371, 3369, 3372, 3373
 8773: 3376, 3377, 3380, 3381
 8774: 3376, 3377, 3382, 3383
 8775: 3376, 3377, 3384, 3380
 8776: 3376, 3377, 3380, 3380
 8777: 3376, 3377, 3385, 3386
 8778: 3376, 3377, 3387, 3380
 8779: 3376, 3377, 3381, 3384
 8780: 3378, 3379, 3384, 3380
 8781: 3376, 3377, 3380, 3384
 8782: 3376, 3377, 3380, 3385
 8783: 3376, 3377, 3388, 3380
 8784: 3376, 3377, 3389, 3390
 8785: 1004, 1004, 3391, 3391
 8786: 3391, 3391, 3391, 3391
 8787: 3391, 3391,   52,   52
 8788: 3392, 3392, 3392, 3392
 8789: 3392, 3392, 3392, 3393
 8790: 3393, 3394, 3399, 3400
 8791: 3395, 3392, 3401, 3402
 8792: 3392, 3392, 3395, 3392
 8793: 3392, 3396, 3392, 3392
 8794: 3397, 2135, 3403, 2128
 8795: 2135, 3398, 3404, 3392
 8796: 3392, 3392, 3402, 3402
 8797: 3393, 3405, 3400, 3410
 8798: 3397, 2135, 3410, 3410
 8799: 2135, 2135, 2128, 2128
 8800: 3406, 3407, 3404, 3392
 8801: 3392, 3408, 3393, 3411
 8802: 3409, 3395, 2128, 3401
 8803: 2179, 2135, 2138, 2128
 8804: 3393, 3394, 3405, 3400
 8805: 3397, 2135, 2128, 2128
 8806: 2135, 2135, 3403, 2128
 8807: 2133, 2133, 2132, 2133
 8808: 2145, 2135, 2138, 2128
 8809: 3412, 3413, 3392, 3392
 8810: 3414, 2135, 3392, 3413
 8811: 3415, 2133, 2133, 2133
 8812: 2316, 3416, 2137, 2138
 8813: 2133, 2133, 2149, 2132
 8814: 2320, 2322, 2128, 2128
 8815: 3406, 3402, 2128, 2128
 8816: 2135, 2320, 3417, 3413
 8817: 2322, 3398, 3413, 3392
 8818: 2135, 3398, 3417, 3392
 8819: 3418, 3418, 3418, 3418
 8820: 3419, 3420, 3419, 3420
 8821: 3421, 3422, 3421, 3422
 8822: 3421, 3423, 3431, 3423
 8823: 3423, 3421, 3423, 3431
 8824: 3422, 3421, 3422, 3421
 8825: 3424, 3425, 3424, 3425
 8826: 3424, 3426, 3432, 3433
 8827: 3427, 3423, 3434, 3423
 8828: 3423, 3423, 3423, 3423
 8829: 3423, 3428, 3423, 3435
 8830: 3429, 3430, 3436, 3437
 8831: 3425, 3430, 3425, 3430
 8832: 3421, 3438, 3421, 3423
 8833: 3438, 3421, 3423, 3421
 8834: 3439, 3440, 3443, 3444
 8835: 3441, 3442, 3445, 3446
 8836: 3419, 3420, 3447, 3448
 8837: 3431, 3423, 3423, 3423
 8838: 3423, 3431, 3423, 3423
 8839: 3424, 3425, 3432, 3449
 8840: 3426, 3427, 3433, 3434
 8841: 3428, 3429, 3435, 3436
 8842: 3425, 3430, 3450, 3437
 8843: 3447, 3448, 3451, 3452
 8844: 3451, 3452, 3423, 3423
 8845: 3453, 3453, 3465, 3465
 8846: 3454, 3455, 3466, 3467
 8847: 3456, 3457, 3468, 3466
 8848: 3458, 3459, 3469, 3470
 8849: 3459, 3460, 3470, 3471
 8850: 3461, 3462, 3472, 3473
 8851: 3463, 3464, 3474, 3472
 8852: 3475, 3475, 3475, 3475
 8853: 3476, 3477, 3475, 3475
 8854: 3478, 3479, 3475, 3484
 8855: 3480, 3481, 3485, 3481
 8856: 3481, 3482, 3481, 3486
 8857: 3483, 3478, 3487, 3475
 8858: 3475, 3488, 3484, 3485
 8859: 3489, 3481, 3489, 3481
 8860: 3481, 3490, 3481, 3490
 8861: 3491, 3475, 3486, 3487
 8862:    0,    0,    0,    0
 8863:    0,    0,    0,    0
 8864: 4095, 4095, 4095, 4095
 8865: 4095, 4095, 4095, 4095
 8866: 4095, 4095, 4095, 4095
 8867: 4095, 4095, 4095, 4095
 8868: 4095, 4095, 4095, 4095
 8869: 4095, 4095, 4095, 4095
 8870: 4095, 4095, 4095, 4095
 8871: 4095, 4095, 4095, 4095
